"codreg_cups";"desc_cups"
"220100";"PUNCION DE SENO MAXILAR [ASPIRACION O LAVADO] SOD +"
"878933";"VENOGRAFIA SELECTIVA"
"031307";"EXAMEN PARA MAGNETICO GADOLINIO DTPA, AL VALOR DEL EXAMEN AGREGAR"
"923102";"RADIOCIRUGIA ESTEREOTAXICA CON ACELERADOR LINEAL, DOSIS FRACCION"
"934100";"TRACCION ESPINAL CON EMPLEO DE DISPOSITIVO CRANEAL SOD"
"934600";"TRACCION CUTANEA DE MIEMBROS SOD"
"941300";"OTRA ENTREVISTA Y EVALUACION PSIQUIATRICAS SOD"
"053200";"NEUROLISIS DE NERVIO SIMPATICO UNICO SOD"
"951200";"ANGIORRETINOFLUORESCEINOGRAFIA SOD +"
"952400";"ELECTRONISTAGMOGRAFIA [ENG] O FOTOELECTRONISTAGMOGRAFIA SOD"
"954400";"PRUEBAS CL INICAS DE LA FUNCION VESTIBULAR SOD "
"954604";"ELECTRONEURONOGRAF™A (ENOG) "
"954621";"POTENCIALES EVOCADOS AUDITIVOS +"
"954622";"POTENCIALES EVOCADOS AUDITIVOS DE TALLO CEREBRAL "
"954902";"AJUSTE DE COMPONENTES EXTERNOS DE PROTESIS COCLEAR"
"965200";"LAVADO E IRRIGACION DE OIDOS SOD +"
"965302";"CURACION ENDOSCOPICA DE SENOS PARANASALES"
"973600";"EXTRACCION DE OTRO DISPOSITIVO DE FIJACION MANDIBULAR EXTERNA SO"
"976300";"EXTRACCION DE TUBO DE CISTOSTOMIA SOD"
"976500";"EXTRACCION Y/O REEMPLAZO DE SONDA URETRAL SOD"
"978800";"EXTRACCION NO QUIRURGICA DE DISPOSITIVO DE INMOVILIZACION EXTERN"
"981200";"EXTRACCION SIN INCISION DE CUERPO EXTRA¾O INTRALUMINAL DE LA NAR"
"981900";"EXTRACCION SIN INCISION DE CUERPO EXTRA¾O INTRALUMINAL DE LA URE"
"982000";"EXTRACCION SIN INCISION DE CUERPO EXTRA¥O NO INTRALUMINAL EN SITIO NO"
"985100";"LITOTRIPCIA EXTRACORPOREA POR ONDAS DE CHOQUE EN VESICULA O CONDUCTO"
"A11006";"EVALUACION Y SEGUIMIENTO"
"991400";"INYECCION DE GAMMA GLOBULINA O DE SUEROS INMUNES SOD"
"992100";"INYECCION O INFUSION DE ANTIBIOTICO SOD +"
"995100";"VACUNACION CONTRA MALARIA SOD +"
"996100";"CARDIOVERSIAN ELECTRICA A TORAX CERRADO SOD"
"996900";"OTRA CONVERSION DE RITMO CARDIACO O RESUCITACION CARDIOPULMONAR NCOC"
"997300";"DETARTRAJE SUPRAGINGIVAL SOD +"
"998000";"MONITORIA Y CONTROL DE TEMPERATURA PERIOPERATORIA SOD +"
"999999";"EXCLUIDOS POR OBSOLETOS NO VIGENTES EN COLOMBIA DESCONOCIDOS O POR EXC"
"A21002";"MONITOREO Y VIGILANCIA DE COBERTURA PARA CONTROL DE RABIA (CANINA Y HUMANA) Y ENCEFALITIS EQUINA"
"A51103";"CONCERTACION DE LOS PLANES DE PROMOCION Y PREVENCION CON LAS ENTIDADES"
"A51105";"MECANISMOS DE PARTICIPACION SOCIAL (CIUDADANA Y COMUNITARIA) EN LA GESTION DE SALUD PUBLICA"
"A51120";"CRITERIOS DE DISTRIBUCION DE LOS RECURSOS FINANCIEROS DEL PAB DEPARTAMENTAL"
"A53121";"DESARROLLO DEPARTAMENTAL DE PROGRAMAS DE CAPACITACION CONTINUADA EN"
"C40460";"REEMPLAZO PROTSICO TOTAL PRIMARIO DE CADERA"
"C40558";"ANGIOPLASTIA SIN STENT"
"M39139";"DIALISIS PERITONEAL POR INSUFICIENCIA RENAL AGUDA"
"S55118";"MATERIALES DE CURACION  POR COMPLICACIONES INTRA HOSPITALARIAS"
"C511000";"CPRES CON STEN BILIAR"
"115100";"SUTURA DE CORNEA SOD"
"141100";"ASPIRACION DIAGNOSTICA DE V™TREO SOD"
"144100";"REPARACION DE DESPRENDIMIENTO DE RETINA CON IDENTACION ESCLERAL"
"202400";"ASPIRACION DE OIDO MEDIO O CAVIDAD MASTOIDEA SOD +"
"210100";"CONTROL DE EPISTAXIS, POR TAPONAMIENTO NASAL ANTERIOR O CAUTERIZ"
"210200";"CONTROL DE EPISTAXIS, POR TAPONAMIENTO NASAL POSTERIOR Y ANTERIO"
"882260";"DOPPLER DE ARTERIAS ILIACAS"
"251421";"MONITOREO NEUROFISIOLOGICO INTRAOPERATORIO DE COLUMNA CERVICALTORACICA CON, POTENCIALES EVOCADOS MOTORES DE 4 MIENBROS. POTENCIALES EVOCADOS SOMATOSENSORIALES DE NERVIOS ELECTROMIOGRAFIA LIBRE DE 4 MIEMBROS. ELECTROENCEFALOGRAFIA INTRAOPERATORIA."
"895003";"PRUEBA DE MESA BASCULANTE"
"296200";"DILATACION DE NASOFARINGE SOD"
"893703";"ESPIROMETRIA"
"313102";"EXTRACCION DE CUERPO EXTRA¾O DE LARINGE VIA LARINGOTOMIA +"
"332000";"BRONCOSCOPIA FIBRO-OPTICA CON PUNCION [ASPIRACION] TRANSTRA-QUEA"
"332001";"BRONCOSCOPIA FIBRO-OPTICA CON PUNCION [ASPIRACION] TRANSTRA-QUEA"
"332100";"BRONCOSCOPIA A TRAVES DE ESTOMA ARTIFICIAL SOD"
"332200";"BRONCOSCOPIA FIBRO-APTICA SOD "
"332301";"BRONCOSCOPIA RIGIDA CON LAVADO BRONQUIAL"
"332701";"BRONCOSCOPIA FIBRO-OPTICA CON CEPILLADO BRONQUIAL +"
"334202";"CIERRE DE BRONCOSTOMIA"
"343200";"RESECCION DE QUISTE O TUMOR BENIGNO DEL MEDIASTINO SOD"
"347100";"SUTURA DE LACERACION DE PARED TORACICA SOD"
"360100";"ANGIOPLASTIA CORONARIA TRANSLUMINAL PERCUTANEA SIMPLE (ATERECTOM"
"360200";"ANGIOPLASTIA CORONARIA TRANSLUMINAL PERCUTANEA SIMPLE (ATERECTOM"
"360500";"ANGIOPLASTIA CORONARIA TRANSLUMINAL PERCUTANEA MULTIPLE (ATERECT"
"M21471";"CAMBIO TUBO, REUBICACION"
"372200";"CATETERISMO CARDIACO DEL LADO IZQUIERDO DEL CORAZON SOD"
"373402";"ABLACION CON CATETER DE LESION O TEJIDO DEL CORAZON POR RADIOFRE"
"378300";"INSERCION DE MARCAPASOS BICAMERAL SOD"
"378500";"REVISION [REPROGRAMACION] DE APARATO MARCAPASO SOD +"
"378900";"RETIRO O ELIMINACION DE MARCAPASOS CARDIACO SOD"
"379500";"REPROGRAMACION DE CARDIOVERSOR/DESFIBRILADOR SOD"
"385300";"OCLUSION, PINZAMIENTO O LIGADURA DE VASOS DE MIEMBROS SUPERIORES"
"950310";"INTERFEROMETRIA"
"395000";"ANGIOPLASTIA O ATERECTOMIA DE VASOS NO CORONARIOS CON PROTESIS (STENT) O (S) SOD"
"395200";"REPARO ENDOVASCULAR DE ANEURISMA SOD +"
"404000";"ESCISION DE GANGLIO LINFATICO REGIONAL EXTENDIDA AL AREA DE DREN"
"954304";"INMITANCIA ACUSTICA MULTIFRECUENCIA"
"461001";"COLOSTOMIA Y CIERRE DE LA MISMA POR LAPAROSCOPIA "
"468500";"DILATACION DE INTESTINO SOD"
"976101";"EXTRACCION DE DISPOSITIVO DE PIELOSTOMIA "
"497100";"SUTURA DE LACERACION O DESGARRO DE ANO SOD"
"509100";"ASPIRACION PERCUTANEA DE HIGADO SOD"
"530500";"HERNIORRAFIA INGUINAL CON INJERTO O PROTESIS SOD"
"995101";"VACUNACION CONTRA LA MALARIA"
"542301";"BIOPSIA ABIERTA DE PERITONEO (MESENTERIO Y OMENTO) +"
"554100";"HEMINEFRECTOMIA SOD +"
"M39137";"HEMODIALISIS EN UCI - INTERMEDIOS (PAQUETE)"
"579500";"REEMPLAZO DE CATETER URINARIO (VESICAL) SOD +"
"584520";"REPARACION DE EPISPADIAS O HIPOSPADIAS SOD +"
"A11001";"ANALISIS Y PRIORIZACION"
"761300";"ARTROSCOPIA DIAGNOSTICA FACIAL SOD"
"766700";"GENIOPLASTIA CON FIJACION INTERNA [DISPOSITIVOS DE FIJACION U OS"
"878912";"ARTERIOGRAFIA PERIFERICA A TRAVES DE CATETER PREVIAMENTE COLOCAD"
"891800";"OTRAS PRUEBAS FUNCIONALES DEL TRASTORNO DEL SUE¾O SOD"
"891900";"MONITORIZACION ELECTROENCEFALOGRAFICA POR VIDEO Y RADIO SOD +"
"893100";"EXAMEN O RECONOCIMIENTO DE MUCOSA ORAL Y PERIODONTAL"
"893600";"ELECTROMIOGRAFIA DE ESFINTER ANAL SOD"
"893700";"ESPIROMETRIA SOD +"
"894103";"PRUEBA DE MESA BASCULANTE"
"894200";"PRUEBA DE ESFUERZO EN DOS FASES DE MASTERS SOD"
"894300";"PRUEBA DE ESFUERZO CARDIOVASCULAR CON EMPLEO DE ERGOMETRO DE BIC"
"894400";"OTRA PRUEBA DE ESFUERZO CARDIOVASCULAR NCOC"
"896100";"MONITOREO DE PRESION ARTERIAL SISTEMICA SOD"
"896600";"MEDICION DE GASES EN SANGRE VENOSA MIXTA SOD"
"904110";"PROTEINA TRANSPORTADORA DE LA SOMATOMEDINA C"
"906330";"VIH 1, DETECCION DEL PROVIRUS POR PCR +"
"877281";"FLEBOGRAFIA GONADAL"
"882101";"DOPPLER TRANSCRANEAL"
"923101";"RADIOCIRUGIA ESTEREOTAXICA CON ACELERADOR LINEAL, DOSIS UNICA +"
"930400";"EVALUACION DE FUNCION OSTEOMUSCULAR SOD +"
"954100";"AUDIOMETRIA SOD "
"A11020";"ASISTENCIA TECNICA DEPARTAMENTAL Y/O MUNICIPAL"
"A11021";"EVALUACION Y SEGUIMIENTO DEPARTAMENTAL Y/O MUNICIPAL"
"A21001";"MONITOREO Y VIGILANCIA DE COBERTURAS DEL ESQUEMA PLAN AMPLIADO DE"
"S24103";"SERVICIO DE COMPLEJIDAD ALTA"
"S41000";"SERVICIO DE NUTRICION Y DIETETICA [ALIMENTACION] EN INTERNACION"
"S41235";"CARDIOVERSION DE PACIENTES EN TRATAMIENTO NO QUIRURGUICO"
"S41605";"MANEJO INTRAHOSPITALARIO EN SALA DE OBSERVACION DE URGENCIAS"
"S42200";"SERVICIO DE ATENCION FARMACEUTICA DE COMPLEJIDAD MEDIANA SOD"
"511100";"COLANGIOGRAFIA ENDOSCOPICA RETROGRADA (TRANSDUODENAL) SOD +"
"985101";"LITOTRIPCIA EXTRACORPOREA POR ONDAS DE CHOQUE EN CALCULOS URINARIOS SIMPLES"
"985102";"LITOTRIPCIA EXTRACORPOREA POR ONDAS DE CHOQUE EN CALCULOS URINARIOS COMPLEJOS"
"990121";"EDUCACION GRUPAL EN SALUD, POR EQUIPO INTERDISCIPLINARIO Y COMUNICACION EN FOMENTO DE FACTORES PROTECTORES HACIA EL CONTROL DE ENFERMEDADES CRONICAS METABOLICAS"
"990122";"EDUCACION GRUPAL EN SALUD, POR EQUIPO INTERDISCIPLINARIO Y COMUNICACION EN FOMENTO DE FACTORES PROTECTORES HACIA EL CONTROL DE ENFERMEDADES CRONICAS CARDIOVASCULARES"
"990123";"EDUCACION GRUPAL EN SALUD, POR EQUIPO INTERDISCIPLINARIO Y APOYO A LA VIGILANCIA DE INDICADORES DE PROTECCION  ESPECIFICA Y DETECCCION TEMPRANA"
"990124";"EDUCACION GRUPAL EN SALUD, POR EQUIPO INTERDISCIPLINARIO E IDENTIFICACION Y CANALIZACION EFECTIVA DE LA POBLACION HACIA LA DETECCION TEMPRANA Y PROTECCION  ESPECIFICA"
"940100";"ADMINISTRACION [APLICACION] DE PRUEBA DE INTELIGENCIA (CUALQUIER TIPO) SOD"
"940200";"ADMINISTRACION [APLICACION] DE PRUEBA DE PERSONALIDAD (CUALQUIER TIPO) SOD"
"940700";"ADMINISTRACION [APLICACION] DE PRUEBA NEUROPSICOLOGICA (CUALQUIER TIPO) SOD"
"940900";"DETERMINACION DEL ESTADO MENTAL POR PSICOLOGIA SOD"
"941100";"DETERMINACION DEL ESTADO MENTAL POR PSIQUIATRIA SOD"
"950100";"EVALUACION ORTOPTICA SOD"
"950200";"EVALUACION DE BAJA VISION SOD"
"951101";"FOTOGRAFIA A COLOR DE SEGMENTO ANTERIOR O POSTERIOR DEL OJO"
"951201";"ANGIOGRAFIA OCULAR (ANGIORETINOFLUORESCEINOGRAFIA) "
"951500";"TOPOGRAFIA CORNEAL COMPUTARIZADA SOD"
"230103";"EXODONCIA DE DIENTES PERMANENTES"
"951301";"ECOGRAFIA OCULAR MODO A Y B, CON CONTENIDO ORBITARIO Y TRANSDUCTOR DE 7 MHZ O MAS – ACR"
"951800";"OCULOPLETISMOGRAFIA SOD"
"952000";"BIOMETRIA OCULAR SOD"
"S41001";"SERVICIO DE LACTARIO"
"S41002";"SERVICIO DE NUTRICION Y DIETETICA EN INTERNACION"
"S42100";"SERVICIO DE ATENCION FARMACEUTICA DE COMPLEJIDAD BAJA SOD"
"S42300";"SERVICIO DE ATENCION FARMACEUTICA DE COMPLEJIDAD ALTA SOD"
"S43100";"SERVICIO DE ESTERILIZACION DE COMPLEJIDAD BAJA SOD"
"S43200";"SERVICIO DE ESTERILIZACION DE COMPLEJIDAD MEDIANA SOD"
"S43300";"SERVICIO DE ESTERILIZACION DE COMPLEJIDAD ALTA SOD"
"S48100";"PREPARACION DE LAMINA HISTOLOGICA O CITOLOGICA SOD"
"S48201";"SERVICIO TECNICO POST MORTEM"
"S50002";"GUIAS BILINGÜES"
"S50003";"ACCIONES INDIVIDUALES DE MEDICINA TRADICIONAL"
"S50004";"ACCIONES INDIVIDUALES DE ADECUACION SOCIOCULTURAL DE LOS SERVICIOS DE SALUD NO INDIGENA"
"S50005";"ACCIONES INDIVIDUALES DE PROMOCION Y PREVENCION EN SALUD INDIGENA"
"S50007";"TRANSPORTE URBANO"
"S50008";"TRANSPORTE INTERMUNICIPAL TERRESTRE"
"S50009";"TRANSPORTE INTERMUNICIPAL FLUVIAL"
"T10101";"ESTUDIO HIGIENICO DE MATERIAL PARTICULADO"
"T10102";"ESTUDIO HIGIENICO DE FIBRAS"
"T10103";"ESTUDIO HIGIENICO DE GASES Y VAPORES"
"T10110";"PERFIL DE HIDROCARBUROS AROMATICOS"
"T10111";"PERFIL DE ACIDOS INORGANICOS"
"T10112";"PERFIL DE SOLVENTES ORGANICOS"
"T10113";"PERFIL DE HIDROCARBUROS AROMATICOS POLINUCLEARES"
"T10114";"PERFIL DE METALES TOXICOS"
"T10115";"PERFIL DE HUMOS METALICOS EN SOLDADURA"
"T10301";"EVALUACION ERGONOMICA DE PUESTO DE TRABAJO, PROCESOS, HERRAMIENTAS, EQUIPO Y DOTACION"
"T10350";"EVALUACION ERGONOMICA"
"T11201";"SELECCION, DOTACION, MANTENIMIENTO Y REPOSICION DE ELEMENTOS DE PROTECCION PERSONAL PARA LOS FACTORES DE RIESGO BIOLOGICOS"
"T11401";"RECOLECCION, TRATAMIENTO Y DISPOSICION DE RESIDUOS Y DESECHOS INDUSTRIALES"
"T11402";"CONSTRUCCION Y MANTENIMIENTO DE SERVICIOS DE ASEO PERSONAL PARA LOS TRABAJADORES"
"T11403";"PLAN DE VIGILANCIA Y CONTROL DE LAS NORMAS DE ALMACENAMIENTO, PREPARACION, TRANSPORTE Y MANIPULACION DE ALIMENTOS, EN EL SERVICIO DE COMEDOR PARA LOS TRABAJADORES"
"T11410";"INFORMACION, EDUCACION Y COMUNICACION EN FOMENTO DE FACTORES PROTECTORES DE SANEAMIENTO"
"T20502";"REGISTRO ACTUALIZADO DE TRABAJADORES EXPUESTOS A AGENTES DE RIESGO"
"T20505";"INSPECCION, REGISTRO Y ANALISIS PERIODICO DE REDES HIDRAULICAS"
"T20511";"INVESTIGACION Y ANALISIS DE RIESGOS ELECTRICOS"
"T20512";"INVESTIGACION Y ANALISIS DE RIESGO BIOLOGICOS"
"T20513";"INVESTIGACION Y ANALISIS DE RIESGO POR CONDICIONES MECANICAS O LOCATIVAS"
"T20514";"INVESTIGACION Y ANALISIS DE RIESGO POR CONDICIONES DE MANEJO DE VEHICULOS"
"T20550";"INSPECCION REGISTRO Y ANALISIS PERIODICO DE CONDICIONES DE SEGURIDAD"
"T21504";"SELECCION, DOTACION, MANTENIMIENTO, REPOSICION Y REGISTRO DISCRIMINADO DE ELEMENTOS DE PROTECCION PERSONAL"
"T21510";"INFORMACION, EDUCACION Y COMUNICACION SOBRE MANEJO DEFENSIVO Y SEGURIDAD VIAL"
"T21511";"INFORMACION, EDUCACION Y COMUNICACION SOBRE MANEJO SEGURO DE HERRAMIENTAS, MAQUINAS, EQUIPOS O ARMAS"
"T21512";"INFORMACION, EDUCACION Y COMUNICACION SOBRE NORMAS DE SEGURIDAD EN EL ALMACENAMIENTO"
"T21513";"INFORMACION, EDUCACION Y COMUNICACION SOBRE SISTEMAS DE ALARMA"
"T21514";"INFORMACION, EDUCACION Y COMUNICACION SOBRE RIESGOS ELECTRICOS"
"T21515";"INFORMACION, EDUCACION Y COMUNICACION SOBRE USO DE ELEMENTOS DE PROTECCION PERSONAL"
"T90101";"DISEÑO, PLANEACION, ORGANIZACION, EJECUCION, EVALUACION PERIODICA Y ACTUALIZACION PERMANENTE DEL PROGRAMA DE SALUD OCUPACIONAL"
"T90102";"ELABORACION Y ACTUALIZACION PERMANENTE DEL PANORAMA GENERAL DE FACTORES DE RIESGO"
"T90103";"ORGANIZACION Y REGISTRO DEL FUNCIONAMIENTO PERMANENTE DEL COMITE PARITARIO DE SALUD OCUPACIONAL"
"T90201";"DISEÑO, PLANEACION, ORGANIZACION, EJECUCION, EVALUACION PERIODICA Y ACTUALIZACION PERMANENTE DEL PLAN DE EMERGENCIAS, URGENCIAS Y DESASTRES"
"T90301";"DISEÑO, PLANEACION, ORGANIZACION, EJECUCION, EVALUACION PERIODICA Y ACTUALIZACION PERMANENTE DEL PROGRAMA DE INDUCCION Y ENTRENAMIENTO"
"T90401";"ELABORACION Y ACTUALIZACION PERMANENTE DEL REGLAMENTO DE HIGIENE Y SEGURIDAD INDUSTRIAL (OCUPACIONAL)"
"T90501";"DISEÑO, PLANEACION, ORGANIZACION, EJECUCION, EVALUACION PERIODICA Y ACTUALIZACION PERMANENTE DEL SISTEMA DE INFORMACION Y VIGILANCIA EN SALUD OCUPACIONAL"
"T90502";"REGISTRO ACTUALIZADO Y ANALISIS DEL AUSENTISMO POR: ACIDENTE DE TRABAJO, ENFERMEDAD PROFESIONAL O ENFERMEDAD COMUN"
"T91101";"ASISTENCIA TECNICA, VIGILANCIA Y CONTROL DE LA EJECUCION DEL PROGRAMA DE SALUD OCUPACIONAL"
"T91102";"ASISTENCIA TECNICA EN LA EJECUCION DEL PANORAMA GENERAL DE FACTORES DE RIESGO"
"T91103";"ASISTENCIA TECNICA, VIGILANCIA Y CONTROL DEL FUNCIONAMIENTO DEL COMITE PARITARIO DE SALUD OCUPACIONAL"
"T91201";"ASISTENCIA TECNICA, VIGILANCIA Y CONTROL DE LA EJECUCION DEL PLAN DE EMERGENCIAS, URGENCIAS Y DESASTRES"
"T91301";"ASISTENCIA TECNICA, VIGILANCIA Y CONTROL DEL DISEÑO Y EJECUCION DEL REGLAMENTO DE HIGIENE Y SEGURIDAD INDUSTRIAL (OCUPACIONAL)"
"T91401";"ASISTENCIA TECNICA, VIGILANCIA Y CONTROL DE LA IMPLEMENTACION DEL SISTEMA DE INFORMACION Y VIGILANCIA EN SALUD OCUPACIONAL"
"T92101";"FORMULACION DEL PLAN NACIONAL DE SALUD OCUPACIONAL Y EVALUACION DE SU EJECUCION"
"T92201";"FORMULACION DE NORMAS DE ACREDITACION Y ESTANDARES DE CALIDAD PARA LOS SERVICIOS DE SALUD OCUPACIONAL"
"T92301";"FORMULACION DEL SISTEMA NACIONAL DE AUDITORIA EN SALUD OCUPACIONAL"
"T92401";"REGULACION DE LOS REQUISITOS MINIMOS, ESTANDARES DE CALIDAD Y LOS PARAMETROS DE EVALUACION DEL PROGRAMA DE SALUD OCUPACIONAL"
"T92402";"EVALUACION DEL IMPACTO DE LOS COMITES PARITARIOS DE SALUD OCUPACIONAL"
"T92403";"REGULACION DE LOS REQUISITOS MINIMOS, ESTANDARES DE CALIDAD Y LOS PARAMETROS DE EVALUACION DEL PLAN DE EMERGENCIAS, URGENCIAS Y DESASTRES"
"T92404";"FORMULACION Y REGULACION DE PARAMETROS TECNICOS PARA EL DISEÑO Y FUNCIONAMIENTO DEL SISTEMA DE INFORMACION Y VIGILANCIA EN SALUD OCUPACIONAL"
"882130";"DOPPLER DE OTROS VASOS PERIFERICOS DEL CUELLO NCOC"
"882201";"DOPPLER DE VASOS ABDOMINALES Y/O PELVICOS NCOC"
"882210";"DOPPLER DE AORTA ABDOMINAL"
"882220";"DOPPLER DE VASOS RENALES"
"882230";"DOPPLER DE ARTERIAS MESENTERICAS"
"882240";"DOPPLER DE TRONCO CELIACO"
"882250";"DOPPLER DE VENA CAVA"
"511602";"COLANGIOGRAFIA VIA LAPAROSCOPICA"
"C40568";"CATETERISMO CARDIACO"
"878922";"FARMACOANGIOGRAFIA PERCUTANEA"
"373401";"ABLACION CON CATETER DE LESION O TEJIDO DEL CORAZON, POR CRIOCIR"
"342401";"BIOPSIA DE PLEURA CON AGUJA"
"ART87";"HONORARIOS DE CIRUJANO MICROVASCULAR "
"524200";"DRENAJE PERCUTANEO DE SEUDOQUISTE PANCREATICO SOD"
"882251";"DUPLEX SCANNING [DOPPLER- ECOGRAFIA] DE VENA CAVA"
"C40701";"PANANGIOGRAFIA"
"M21322";"COLANGIOGRAFIA OPERATORIA"
"976100";"EXTRACCION DE TUBO DE PIELOSTOMIA Y NEFROSTOMIA SOD"
"510400";"COLECISTOSTOMIA PERCUTANEA SOD"
"579400";"INSERCION DE CATETER URINARIO (VESICAL) SOD +"
"882335";"DUPLEX SCANNING [DOPPLER- ECOGRAFIA] DE VASOS VENOSOS DE MIEMBRO"
"882110";"DOPPLER DE VASOS DEL CUELLO (CAROTIDAS, VERTEBRALES, YUGULAR)"
"882331";"DOPPLER DE VASOS VENOSOS DE MIEMBROS INFERIORES"
"882310";"DOPPLER DE VASOS ARTERIALES DE MIEMBROS SUPERIORES"
"377800";"INSERCION DE MARCAPASO TRANSVENOSO TEMPORAL (TRANSITORIO) O IMPL"
"882314";"DUPLEX SCANNING [DOPPLER- ECOGRAFIA] DE VASOS ARTERIALES DE MIEM"
"882332";"DUPLEX SCANNING [DOPPLER- ECOGRAFIA] DE VASOS ARTERIALES DE MIEM"
"882333";"DUPLEX SCANNING [DOPPLER- ECOGRAFIA] DE VASOS VENOSOS DE MIEMBRO"
"882600";"DUPLEX SCANNING [DOPPLER- ECOGRAFIA] DE OTROS ORGANOS TRASPLANTA"
"882601";"DUPLEX SCANNING [DOPPLER- ECOGRAFIA] DE OTROS ORGANOS TRASPLANTA"
"431100";"GASTROSTOMIA PERCUTANEA [ENDOSCOPICA] SOD"
"882334";"DUPLEX SCANNING [DOPPLER- ECOGRAFIA] DE VASOS ARTERIALES DE MIEM"
"882330";"DOPPLER DE VASOS ARTERIALES DE MIEMBROS INFERIORES"
"345002";"TORACENTESIS DE DRENAJE O DESCOMPRESIVA"
"952100";"ELECTRORRETINOGRAFIA SOD"
"952200";"ELECTROOCULOGRAMA SOD"
"952500";"PAQUIMETRIA SOD"
"952900";"PRUEBA DE PROVOCACION CONJUNTIVAL CON ALERGENOS ESPECIFICOS SOD"
"953400";"ADAPTACION DE PROTESIS OCULARES SOD"
"960501";"INSERCION DE MASCARA LARINGEA"
"960502";"INSERCION DE CANULA OROFARINGEA CON BALON (C.O.P.A.)"
"967003";"FERTILIZACION IN VITRO SIN INYECCION INTRACITOPLASMATICA DE ESPERMATOZOIDES "
"967004";"FERTILIZACION IN VITRO CON INYECCION INTRACITOPLASMATICA DE ESPERMATOZOIDES "
"982300";"EXTRACCION SIN INCISION DE CUERPO EXTRAÑO NO INTRALUMINAL EN VULVA SOD"
"991204";"DESENSIBILIZACION A MEDICAMENTO"
"992800";"INYECCION O INFUSION DE MODIFICADORES DE RESPUESTA BIOLOGICA SOD"
"M21206";"TOMOGRAFÍA DE TÓRAX A.P."
"S01100";"CONSULTA EXTERNA DE COMPLEJIDAD BAJA SOD"
"S01200";"CONSULTA EXTERNA DE COMPLEJIDAD MEDIANA SOD"
"S01300";"CONSULTA EXTERNA DE COMPLEJIDAD ALTA SOD"
"030201";"EXPLORACION Y DESCOMPRESION DEL CANAL RAQUIDEO Y RAICES ESPINALES POR LAMINECTOMIA"
"094200";"SONDEO Y LAVADO DE VIAS LAGRIMALES SOD"
"094400";"INTUBACION DE VIAS LAGRIMALES SOD"
"550401";"NEFROSTOMIA PERCUTANEA CON LITOFRAGMENTACION Y EXTRACCION ENDOSCOPICA EN RIÑON"
"659110";"ASPIRACION PERCUTANEA FOLICULAR DE OVARIO"
"874300";"VENOGRAFIA SELECTIVA DIAGNOSTICA DE CABEZA Y CUELLO (UNO O MAS V"
"877601";"COLANGIOGRAFIA POR TUBO EN LA VIA BILIAR [PERCUTANEA]"
"891502";"REFLEJO NEUROLOGICO PALPEBRAL (ONDAS F O H)"
"891508";"NEUROCONDUCCION POR CADA EXTREMIDAD (UNO O MAS NERVIOS)"
"891701";"ESTUDIO FISIOLOGICO DEL SUEÑO (ESTUDIO POLISOMNOGRAFICO SIN OXIMETRIA)"
"891702";"ESTUDIO POLISOMNOGRAFICO COMPLETO (CON OXIMETRIA)"
"891802";"PRUEBAS FUNCIONALES DEL TRASTORNO DEL SUEÑO"
"891902";"MONITORIZACION INTRAOPERATORIA DEL SISTEMA NERVIOSO"
"892002";"URODINAMIA CON PRUEBA DE MEDICAMENTO"
"892902";"ESTUDIO COMPLETO DE IMPOTENCIA"
"893200";"MANOMETRIA ESOFAGICA SOD"
"893602";"ELECTROMIOGRAFIA DE PLEJO LUMBOSACRO"
"895400";"MONITORIZACION ELECTROCARDIOGRAFICA (TELEMETRIA) SOD"
"896900";"MONITORIZACION DE FLUJO SANGUINEO CORONARIO SOD"
"923103";"RADIOCIRUGIA INTRACRANEAL O EXTRACRANEAL (PLANEACION COMPUTARIZADA Y SIMULACION VIRTUAL)"
"S50001";"CASA DE PASO"
"T30001";"SELECCION DE ELEMENTOS DE PROTECCION COLECTIVA DE ACUERDO CON LA IDENTIFICACION DE LOS PELIGROS"
"048102";"INYECCION DE ANESTESIA DENTRO DE NERVIO CRANEAL CON FIN ANALGESICO"
"895101";"ELECTROCARDIOGRAMA DE RITMO (CON UNA A TRES DERIVACIONES) +"
"882281";"DUPLEX SCANNING [DOPPLER- ECOGRAFIA] DE VASOS ESCROTALES"
"882291";"DUPLEX SCANNING [DOPPLER- ECOGRAFIA] CON EVALUACION DE FLUJO SAN"
"882293";"DUPLEX SCANNING [DOPPLER- ECOGRAFIA] CON EVALUACION DE FLUJO SAN"
"882295";"DUPLEX SCANNING [DOPPLER- ECOGRAFIA] CON EVALUACION DE FLUJO SAN"
"373400";"ABLACION CON CATETER DE LESION O TEJIDO DEL CORAZON SOD +"
"951701";"FLUOROSCOPIA GUIA EN PROCEDIMIENTOS INTERVENCIONISTAS DE OJO +"
"378200";"IMPLANTACION DE MARCAPASO UNICAMERAL SOD"
"951602";"ANGIOTOMOGRAFIA OPTICA COHERENTE "
"951601";"TOMOGRAFIA OPTICA COHERENTE DE ESTRUCTURA OCULAR"
"881237";"ECOCARDIOGRAMA DE CONTRASTE (EN CORTOCIRCUITOS) "
"881236";"ECOCARDIOGRAMA DE STRESS CON PRUEBA DE ESFUERZO O CON PRUEBA FAR"
"881232";"ECOCARDIOGRAMA MODO M Y BIDIMENSIONAL"
"881231";"ECOCARDIOGRAMA MODO M"
"882102";"DUPLEX SCANNING [DOPPLER- ECOGRAFIA] TRANSCRANEAL"
"882131";"DUPLEX SCANNING [DOPPLER- ECOGRAFIA] DE OTROS VASOS PERIFERICOS"
"882202";"DUPLEX SCANNING [DOPPLER-ECOGRAFIA] DE VASOS ABDOMINALES Y/O PEL"
"882211";"DUPLEX SCANNING [DOPPLER- ECOGRAFIA] DE AORTA ABDOMINAL"
"882221";"DUPLEX SCANNING [DOPPLER- ECOGRAFIA] DE ARTERIAS RENALES"
"882231";"DUPLEX SCANNING [DOPPLER- ECOGRAFIA] DE ARTERIAS MESEN-TERICAS"
"882241";"DUPLEX SCANNING [DOPPLER- ECOGRAFIA] DE TRONCO CELIACO"
"882261";"DUPLEX SCANNING [DOPPLER- ECOGRAFIA] DE ARTERIAS ILIACAS"
"882271";"DUPLEX SCANNING [DOPPLER- ECOGRAFIA] DE VASOS DEL PENE"
"882313";"DUPLEX SCANNING [DOPPLER- ECOGRAFIA] DE VASOS VENOSOS DE MIEMBRO"
"882610";"DUPLEX SCANNING [DOPPLER- ECOGRAFIA] DE RI¾ON TRASPLANTADO"
"882611";"DUPLEX SCANNING [DOPPLER- ECOGRAFIA] DE RI¾ON TRASPLANTADO A COL"
"882802";"DUPLEX SCANNING [DOPPLER- ECOGRAFIA] DE VASOS NCOC"
"882803";"DUPLEX SCANNING [DOPPLER- ECOGRAFIA] DE VASOS NCOC A COLOR"
"882312";"DUPLEX SCANNING [DOPPLER- ECOGRAFIA] DE VASOS ARTERIALES DE MIEM"
"882111";"DUPLEX SCANNING [DOPPLER- ECOGRAFIA] DE VASOS DEL CUELLO (CAROTI"
"377300";"INSERCION DE ELECTRODO TRANSVENOSO EN AURICULA SOD"
"    ";"BRONCOSCOPIA RIGIDA SOD "
"875100";"ANGIOGRAFIA ESPINAL POR SEGMENTO (CERVICAL, TORACICO O LUMBAR) SOD."
"033100";"PUNCION LUMBAR SOD"
"ART33";"ARTICULO 33 - 30% ADICIONAL POR ESTUDIO DOPPLER COLOR"
"877112 ";"ARTERIOGRAFIA SELECTIVA TORACICA DE OTROS VASOS"
"372400";"CATETERISMO TRANSEPTAL DEL CORAZON SOD "
"S55115";"MATERIALES DE SUTURA Y CURACION AGENTES Y GASES ANESTESICOS EN SALA DE PROCEDIMIENTOS BASICA"
"877290";"FLEBOGRAFIA DE OTRAS VENAS INTRABDOMINALES NCOC +"
"215102";"RESECCION ENDOSCOPICA DE TUMOR MALIGNO DE CAVUM, VIA TRANSNASAL"
"370100";"PERICARDIOCENTESIS SOD"
"042325";"NEUROLISIS DE OTRO NERVIO PERIFERICO VIA ABIERTA"
"048201";"INYECCION DE AGENTE ANESTESICO PARA NERVIO PERIFERICO"
"053103";"BLOQUEO DE PLEJO LUMBOSACRO"
"094201";"SONDEO Y LAVADO DE LAS VIAS LAGRIMALES VIA EXTERNA"
"094401";"INTUBACION DE VIA LAGRIMAL VIA EXTERNA"
"ART30";"SALA ESPECIAL ARTICULO 30 PAR 4"
"150101";"BIOPSIA DE MUSCULO O TENDON EXTRAOCULAR"
"180100";"DRENAJE DE COLECCION DE PABELLON AURICULAR SOD"
"210101";"CONTROL DE EPISTAXIS, POR TAPONAMIENTO ANTERIOR VIA TRANSNASAL"
"210201";"CONTROL DE EPISTAXIS, POR TAPONAMIENTO POSTERIOR VIA TRANSNASAL"
"210202";"CONTROL DE EPISTAXIS, POR TAPONAMIENTO POSTERIOR VIA TRANSNASAL ENDOSCOPICA"
"210203";"CONTROL DE EPISTAXIS, POR TAPONAMIENTO ANTERIOR Y POSTERIOR"
"219010";"ABLACION DE LESION INTRANASAL POR INFILTRACION"
"222108";"ASPIRACION O LAVADO O DRENAJE DE SENO MAXILAR VIA OROANTRAL"
"231100";"EXODONCIA QUIRURGICA UNIRRADICULAR SOD"
"242101";"PLASTIA MUCOGINGIVAL CON INJERTOS PEDICULADOS (COLGAJOS PEDICULADOS)"
"255101";"SUTURA DE LACERACION DE LENGUA (GLOSORRAFIA) VIA ABIERTA"
"275101";"SUTURA O REPARACION DE LACERACION (HERIDA) EN LABIOS HASTA DE CINCO CENTIMETROS"
"345001";"TORACENTESIS DIAGNOSTICA"
"358903";"CIERRE DE DUCTUS ARTERIOSO PERSISTENTE, VIA PERCUTANEA (ENDOVASCULAR)"
"360101";"ANGIOPLASTIA CORONARIA PERCUTANEA (ENDOVASCULAR) UNO O DOS VASOS"
"360102";"ANGIOPLASTIA CORONARIA PERCUTANEA (ENDOVASCULAR) MAS DE DOS VASOS"
"360104";"ANGIOPLASTIA CORONARIA PERCUTANEA (ENDOVASCULAR) DE TRONCO PRINCIPAL"
"360105";"ANGIOPLASTIA CORONARIA PERCUTANEA (ENDOVASCULAR) DE BIFURCACION"
"360106";"ANGIOPLASTIA CORONARIA PERCUTANEA (ENDOVASCULAR) DE OCLUSION TOTAL CRONICA"
"360300";"ANGIOPLASTIA DE ARTERIA CORONARIA CON TORAX ABIERTO SOD"
"360401";"INFUSION ARTERIAL INTRACORONARIA DE TROMBOLITICOS VIA PERCUTANEA (ENDOVASCULAR)"
"360402";"TROMBOLISIS INTRACORONARIA"
"360501";"ANGIOPLASTIA CORONARIA POR VIA PERCUTANEA (ENDOVASCULAR) (ATERECTOMIA CORONARIA) REALIZADA DURANTE LA MISMA INTERVENCION"
"360600";"INSERCION O IMPLANTE DE PROTESIS INTRACORONARIA (STENT) SOD"
"370101";"PERICARDIOCENTESIS"
"372101";"ESTUDIO ELECTROFISIOLOGICO CARDIACO CONVENCIONAL DEL LADO DERECHO DEL CORAZON VIA PERCUTANEA (ENDOVASCULAR)"
"372301";"ESTUDIO ELECTROFISIOLOGICO CARDIACO COMBINADO DERECHO E IZQUIERDO DEL CORAZON VIA PERCUTANEA (ENDOVASCULAR)"
"372302";"CATETERISMO COMBINADO DE LOS LADOS DERECHO E IZQUIERDO DEL CORAZON"
"372401";"ESTUDIO ELECTROFISIOLOGICO CARDIACO COMBINADO DERECHO E IZQUIERDO CON PUNCION TRANSEPTAL EN CORAZON VIA PERCUTANEA (ENDOVASCULAR)"
"372402";"CATETERISMO TRANSEPTAL DEL CORAZON"
"372501";"ESTUDIO ELECTROFISIOLOGICO CARDIACO TRANS ESOFAGICO"
"372502";"ESTUDIO ELECTROFISIOLOGICO EPICARDICO VIA PERCUTANEA"
"372801";"MAPEO ELECTROANATOMICO CONVENCIONAL"
"373407";"ABLACION DE LESION O TEJIDO CARDIACO MULTIFOCAL VIA ABIERTA"
"373408";"ABLACION DE LESION O TEJIDO CARDIACO MULTIFOCAL MINIMAMENTE INVASIVA"
"373409";"ABLACION DE LESION O TEJIDO CARDIACO MULTIFOCAL PERCUTANEA (ENDOVASCULAR)"
"378001";"INSERCION [IMPLANTACION] DE MONITOR DE EVENTOS"
"378101";"INSERCION [IMPLANTACION] DE MARCAPASO TEMPORAL (TRANSITORIO) VIA ABIERTA"
"378102";"INSERCION [IMPLANTACION] DE MARCAPASO TEMPORAL (TRANSITORIO) VIA PERCUTANEA (ENDOVASCULAR)"
"378201";"INSERCION [IMPLANTACION] DE MARCAPASOS UNICAMERAL"
"378301";"INSERCION [IMPLANTACION] DE MARCAPASOS BICAMERAL"
"378501";"REVISION (REPROGRAMACION) DE MARCAPASOS"
"378503";"REVISION (REPROGRAMACION) DE CARDIOVERSOR (DESFIBRILADOR)"
"378504";"REVISION (REPROGRAMACION) DE CARDIOVERSOR (DESFIBRILADOR) CON RESINCRONIZADOR (CARDIORESINCRONIZADOR)"
"378602";"INSERCION [IMPLANTACION] DE CARDIOVERSOR (DESFIBRILADOR) UNICAMERAL VIA PERCUTANEA (ENDOVASCULAR)"
"378604";"INSERCION [IMPLANTACION] DE CARDIOVERSOR (DESFIBRILADOR) BICAMERAL VIA PERCUTANEA (ENDOVASCULAR)"
"378606";"INSERCION [IMPLANTACION] DE CARDIOVERSOR (DESFIBRILADOR) CON RESINCRONIZADOR (CARDIORESINCRONIZADOR) VIA PERCUTANEA (ENDOVASCULAR)"
"378607";"INSERCION [IMPLANTACION] DE CARDIOVERSOR (DESFIBRILADOR) VIA SUBCUTANEA"
"378901";"EXPLANTE O ELIMINACION DE MARCAPASO"
"380602";"TROMBOLISIS ARTERIAL ABDOMINAL VIA ENDOVASCULAR"
"380702";"TROMBOLISIS VENOSA ABDOMINAL, VIA ENDOVASCULAR"
"380810";"TROMBOLISIS DE ARTERIAS DE MIEMBROS INFERIORES, VIA ENDOVASCULAR"
"380910";"TROMBOLISIS DE VENAS DE MIEMBROS INFERIORES, VIA ENDOVASCULAR"
"385120";"OCLUSION DE LESION EN VASOS INTRACRANEALES, VIA ENDOVASCULAR"
"385820";"OCLUSION DE ARTERIAS DE MIEMBROS INFERIORES, VIA ENDOVASCULAR"
"385920";"OCLUSION DE VENAS DE MIEMBROS INFERIORES, VIA ENDOVASCULAR"
"386402";"EXTRACCION DE CUERPO EXTRAÑO INTRAVASCULAR (ARTERIAL) (VENOSO), VIA ENDOVASCULAR [PERCUTANEA]"
"387300";"INSERCION DE IMPLANTE O FILTRO EN VENA CAVA (SUPERIOR O INFERIOR) SOD"
"389001";"COLOCACION DE CATETER ARTERIAL FEMORAL O BRAQUIAL"
"389002";"COLOCACION CATETER ARTERIAL PERIFERICO (LINEA ARTERIAL)"
"389101";"IMPLANTACION DE CATETER VENOSO SUBCLAVIO O FEMORAL"
"389103";"INSERCION DE CATETER CENTRAL, VIA PERIFERICA"
"389105";"INSERCION DE CATETER CENTRAL MINIMAMENTE INVASIVA"
"389108";"INSERCION DE CATETER EN VENA CAVA VIA TRANSLUMBAR (TRANSCAVO)"
"391704";"DERIVACION PORTO-SISTEMICA TRANSYUGULAR INTRAHEPATICA"
"395024";"ANGIOPLASTIA DE VASOS TORACICOS VIA PERCUTANEA (ENDOVASCULAR)"
"395031";"ANGIOPLASTIA CON BALON DE VASOS DE MIEMBROS SUPERIORES, CON PROTESIS (STENT) O INJERTO (S) PROTESICO (S)"
"395060";"ANGIOPLASTIA O ATERECTOMIA DE VASOS ABDOMINALES CON BALON"
"395062";"ANGIOPLASTIA O ATERECTOMIA DE ARTERIA MESENTERICA"
"395063";"ANGIOPLASTIA O ATERECTOMIA DE ARTERIA RENAL"
"395080";"ANGIOPLASTIA O ATERECTOMIA DE VASOS DE MIEMBROS INFERIORES, CON BALON"
"395081";"ANGIOPLASTIA O ATERECTOMIA DE VASOS DE MIEMBROS INFERIORES, CON BALON, PROTESIS (STENT) O INJERTO (S) PROTESICO (S)"
"395213";"REPARO DE VASOS DE GRAN CALIBRE VIA PERCUTANEA (ENDOVASCULAR)"
"395216";"REPARO DE VASOS DE MEDIANO CALIBRE VIA PERCUTANEA (ENDOVASCULAR)"
"395218";"REPARO DE VASOS DE PEQUEÑO CALIBRE VIA ENDOSCOPICA"
"399501";"HEMODIALISIS ESTANDAR CON BICARBONATO"
"399801";"HEMOFILTRACION ARTERIOVENOSA CONTINUA (CAVH)"
"399803";"HEMODIAFILTRACION ARTERIOVENOSA"
"399804";"HEMODIAFILTRACION VENOVENOSA"
"428100";"INSERCION DE TUBO O PROTESIS (STENT) PERMANENTE EN ESOFAGO SOD"
"438101";"GASTRECTOMIA SUBTOTAL RADICAL VIA ABIERTA"
"449701";"DERIVACION BILIOPANCREATICA VIA  ABIERTA"
"460103";"EXTERIORIZACION DE INTESTINO DELGADO VIA ABIERTA"
"502102";"DRENAJE DE LESION HEPATICA VIA PERCUTANEA"
"510301";"DRENAJE BILIAR VIA PERCUTANEA Y COLOCACION DE DISPOSITIVO"
"510302";"DRENAJE BILIAR VIA ENDOSCOPICA Y COLOCACION DE DISPOSITIVO"
"511000";"COLANGIO-PANCREATOGRAFIA RETROGRADA ENDOSCOPICA SOD"
"512104";"COLECISTECTOMIA VIA LAPAROSCOPICA"
"524002";"DRENAJE DE QUISTE O SEUDOQUISTE PANCREATICO VIA PERCUTANEA"
"527102";"PANCREATICODUODENECTOMIA TOTAL VIA LAPAROSCOPICA"
"541704";"LAVADO PERITONEAL DIAGNOSTICO VIA LAPAROSCOPICA"
"542700";"PARACENTESIS ABDOMINAL DIAGNOSTICA SOD"
"542801";"PARACENTESIS ABDOMINAL DIAGNOSTICA VIA PERCUTANEA"
"545001";"LISIS DE ADHERENCIAS PERITONEALES VIA ABIERTA"
"549013";"RETIRO DE OTRO CATETER PERITONEAL"
"550202";"NEFROSTOMIA VIA PERCUTANEA"
"559300";"REEMPLAZO DE CATETER DE NEFROSTOMIA SOD"
"579401";"INSERCION DE DISPOSITIVO URINARIO (VESICAL) "
"590500";"DRENAJE PERCUTANEO DE COLECCION EN AREA PERIRRENAL SOD"
"774002";"BIOPSIA DE HUESO EN SITIO NO ESPECIFICADO, VIA PERCUTANEA"
"920812";"RENOGRAMA DIURETICO"
"780501";"INJERTO OSEO EN FEMUR"
"780932";"INJERTO OSEO EN COLUMNA VERTEBRAL VIA POSTERIOR"
"819002";"VERTEBROPLASTIA, ESTENTOPLASTIA, XIFOPLASTIA CON COLOCACION DE DISPOSITIVO"
"829200";"ASPIRACION DE BURSA DE MANO SOD"
"861101";"DRENAJE DE COLECCION SUPERFICIAL DE PIEL O TEJIDO CELULAR SUBCUTANEO POR INCISION O ASPIRACION"
"861103";"DRENAJE DE HEMATOMA SUBUNGUEAL POR INCISION O ASPIRACION"
"861401";"INFILTRACION INTRALESIONAL CON MEDICAMENTO HASTA DE CINCO LESIONES"
"877816";"PIELOGRAFIA PERCUTANEA"
"865102";"SUTURA DE HERIDA MULTIPLE, EN AREA GENERAL"
"865203";"SUTURA DE HERIDA UNICA DE PLIEGUES DE FLEXION, GENITALES, MANOS Y PIES"
"869500";"CURACION DE LESION EN PIEL O TEJIDO CELULAR SUBCUTANEO SOD"
"872201";"AORTOGRAMA ABDOMINAL POR CATETERISMO BRAQUIAL RETROGRADO O POR CATETERISMO FEMORAL"
"872202";"AORTOGRAMA ABDOMINAL Y ESTUDIO DE MIEMBROS INFERIORES"
"874130";"ARTERIOGRAFIA VERTEBRAL"
"874131";"ARTERIOGRAFIA VERTEBRAL SELECTIVA EXTRACRANEANA"
"874132";"ARTERIOGRAFIA VERTEBRAL SELECTIVA INTRACRANEANA"
"874150";"ARTERIOGRAFIA DE CAVUM FARINGEO"
"874301";"VENOGRAFIA SELECTIVA DIAGNOSTICA DE CABEZA Y CUELLO (UNO O MAS VASOS)"
"875501";"MIELOGRAFIA TOTAL DE COLUMNA"
"875510";"MIELOGRAFIA CERVICAL"
"876110";"AORTOGRAMA TORACICO"
"876120";"ARTERIOGRAFIA CORONARIA"
"876121";"ARTERIOGRAFIA CORONARIA CON CATETERISMO DERECHO E IZQUIERDO"
"876122";"ARTERIOGRAFIA CORONARIA CON CATETERISMO IZQUIERDO"
"876123";"VALORACION ANATOMICA O FUNCIONAL DE ARTERIAS CORONARIAS"
"876130";"ARTERIOGRAFIA PULMONAR"
"876137";"ARTERIOGRAFIA PULMONAR NO SELECTIVA O POR INYECCION VENOSA"
"876140";"ARTERIOGRAFIA TORACICA DE ARTERIA MAMARIA INTERNA"
"876190";"ARTERIOGRAFIA SELECTIVA TORACICA DE OTROS VASOS"
"876241";"ANGIOGRAFIA DE VENAS CAVAS O CAVOGRAFIA"
"877110";"AORTOGRAMA ABDOMINAL"
"877111";"AORTOGRAMA ABDOMINAL POR SERIOGRAFIA"
"877112";"ARTERIOGRAFIA DE VASOS ABDOMINALES (SELECTIVA)"
"877141";"ARTERIOGRAFIA ABDOMINAL SELECTIVA DE ARTERIA GASTRO-DUODENAL, O"
"877171";"ARTERIOGRAFIA PELVICA (SELECTIVA)"
"877602";"COLANGIOGRAFIA POR TUBO O CATETER EN LA VIA BILIAR"
"877812";"PIELOGRAFIA A TRAVES DE TUBO DE NEFROSTOMIA"
"877814";"PIELOGRAFIA RETROGRADA A TRAVES DE CATETER DEJADO EN EL URETER O A TRAVES DE URETEROSTOMIA"
"878101";"ARTERIOGRAFIA PERIFERICA DE UNA EXTREMIDAD SUPERIOR"
"878301";"FLEBOGRAFIA DE MIEMBRO SUPERIOR"
"878812";"ARTROGRAFIA DE RODILLA"
"878901";"ARTERIOGRAFIA   PERIFERICA A TRAVES DE CATETER PREVIAMENTE COLOCADO"
"878903";"VENOGRAFIA SELECTIVA"
"881203";"ECOCARDIOGRAMA TRANSTORACICO CON CONTRASTE"
"881204";"ECOCARDIOGRAMA TRANSTORACICO TRIDIMENSIONAL"
"881205";"ECOCARDIOGRAMA TRANSESOFAGICO"
"881206";"ECOCARDIOGRAMA TRANSESOFAGICO CON CONTRASTE"
"881207";"ECOCARDIOGRAMA TRANSESOFAGICO TRIDIMENSIONAL"
"881210";"ECOCARDIOGRAMA DE STRESS CON PRUEBA DE ESFUERZO O CON PRUEBA FARMACOLOGICA"
"881235";"ECOCARDIOGRAMA TRANSESOFAGICO"
"882308";"ECOGRAFIA DOPPLER DE VASOS ARTERIALES DE MIEMBROS INFERIORES"
"887002";"CINEANGIOGRAFIA"
"891000";"PRUEBA DEL AMOBARBITAL INTRACAROTIDEO [WADA] SOD"
"891100";"TONOMETRIA SOD"
"891201";"RINOMANOMETRIA"
"891202";"RINOMANOMETRIA CON ALERGENO"
"891203";"RINOMETRIA ACUSTICA"
"891301";"PRUEBA DE PROVOCACION NASAL CON ALERGENO (ESPECIFICO)"
"891302";"PRUEBA DE PROVOCACION NASAL CON ALERGENO VALORADA POR PICO FLUJO NASAL INSPIRATORIO"
"891401";"ELECTROENCEFALOGRAMA CONVENCIONAL"
"891402";"ELECTROENCEFALOGRAMA COMPUTARIZADO"
"891410";"ELECTROENCEFALOGRAMA DIGITAL CON MAPEO CEREBRAL"
"891501";"ELECTROCORTICOGRAFIA"
"891503";"REFLEJO NEUROLOGICO TRIGEMINO FACIAL"
"891504";"PRUEBA DE ESTIMULACION MAXIMA DE NERVIO FACIAL [HILGER]"
"891505";"ESTIMULACION ELECTRICA CORTICAL"
"891507";"REFLEJOS NEUROLOGICOS BULBO CAVERNOSO"
"891509";"NEUROCONDUCCION (CADA NERVIO)"
"891510";"PRUEBA COMPLETA CON TENSILON"
"891511";"PRUEBA DE ESTIMULO REPETITIVO [LAMBERT]"
"891512";"TRIPLES CAROTIDEOS"
"891513";"PRUEBA FUNCIONAL DE RESPUESTA A MEDICAMENTOS"
"891530";"POTENCIALES EVOCADOS SOMATOSENSORIALES"
"891531";"POTENCIALES EVOCADOS DE LATENCIA MEDIA Y LARGA"
"891532";"POTENCIALES EVOCADOS MOTORES CON ESTIMULACION MAGNETICA"
"891703";"POLISOMNOGRAMA EN TITULACION DE CPAP NASAL"
"891801";"PRUEBAS DE LATENCIA MULTIPLE DE SUEÑO"
"891803";"PRUEBA DE MANTENIMIENTO DE LA VIGILIA"
"891901";"MONITORIZACION ELECTROENCEFALOGRAFICA POR VIDEO Y RADIO"
"892001";"URODINAMIA ESTANDAR"
"892100";"MANOMETRIA PIELICA SOD"
"892200";"CISTOMETROGRAMA SOD"
"892301";"ELECTROMIOGRAFIA ESFINTER URETRAL"
"892302";"ELECTROMIOGRAFIA ESFINTER VESICAL"
"892400";"UROFLUJOMETRIA SOD"
"892500";"PERFIL DE PRESION URETRAL SOD"
"892600";"ESFINTEROMANOMETRIA SOD"
"892800";"CISTOMETRIA SOD"
"892901";"TOMA NO QUIRURGICA DE MUESTRA O TEJIDO VAGINAL PARA ESTUDIO CITOLOGICO"
"892903";"PENOSCOPIA"
"892904";"TECNICAS DE INSPECCION VISUAL CON ACIDO ACETICO Y LUGOL"
"893101";"IMPRESION DE ARCO DENTARIO SUPERIOR O INFERIOR, CON MODELO DE ESTUDIO Y CONCEPTO"
"893103";"EVALUACION Y MEDICION ORTODONTICA Y ORTOPEDICA ORAL"
"893104";"ESTUDIO DE OCLUSION Y ARTICULACION TEMPOROMANDIBULAR"
"893105";"MASCARA FACIAL DIAGNOSTICA"
"893106";"CONTROL DE ORTODONCIA FIJA, REMOVIBLE O TRATAMIENTO ORTOPEDICO FUNCIONAL Y MECANICO"
"893107";"ELABORACION Y ADAPTACION DE APARATO ORTOPEDICO"
"893108";"CONTROL DE CRECIMIENTO Y DESARROLLO DENTO-MAXILOFACIAL"
"893109";"EXAMEN O RECONOCIMIENTO DE MUCOSA ORAL Y PERIODONTAL"
"893300";"EXAMEN DIGITAL DE ESTOMA DE ENTEROSTOMIA SOD"
"893400";"EXAMEN DIGITAL DE RECTO SOD"
"893601";"ELECTROMIOGRAFIA DE ESFINTER ANAL"
"893701";"VOLUMENES PULMONARES POR PLETISMOGRAFIA, PRE Y POST BRONCODILATADORES"
"893702";"VOLUMENES PULMONARES POR GASES (HELIO OTROS.), PRE Y POST BRONCODILATADORES"
"893801";"CONSUMO DE OXIGENO Y PRODUCCION DE CO2 EN REPOSO"
"893802";"CURVA DE HIPEROXIA"
"893804";"COOXIMETRIA"
"893805";"ESPIROMETRIA O CURVA DE FLUJO VOLUMEN PRE Y POST BRONCODILATADORES"
"893806";"CAPACIDAD DE DIFUSION CON MONOXIDO DE CARBONO"
"893807";"DISTENSIBILIDAD PULMONAR CON BALON ESOFAGICO"
"893808";"ESPIROMETRIA O CURVA DE FLUJO VOLUMEN SIMPLE"
"893809";"RESISTENCIA DE VIAS AEREAS  POR PLETISMOGRAFIA SIMPLE"
"893810";"MEDICION DE LA FUERZA MUSCULAR RESPIRATORIA (PIM-PEM AJUSTADO CON VOLUMENES PULMONARES)"
"893811";"MEDICION DE PRESION INSPIRATORIA Y ESPIRATORIA MAXIMA CON EQUIPO PORTATIL"
"893812";"REGISTRO DE OXIMETRIA CUTANEA"
"893813";"RESISTENCIA DE LAS VIAS AEREAS  POR PLETISMOGRAFIA PRE Y POST BRONCODILATADORES"
"893814";"PRESION TRANSDIAFRAGMATICA CON BALONES"
"893815";"PRUEBA DE BRONCOPROVOCACION ESPECIFICA (ALERGENO) O INESPECIFICA"
"893816";"RESPUESTA VENTILATORIA A LA HIPOXIA"
"893817";"RESPUESTA VENTILATORIA A LA HIPERCAPNIA"
"893818";"MEDICION NO INVASIVA DE CO2 O CAPNOGRAFIA"
"893820";"PRUEBA DE BRONCOMOTRICIDAD CON EJERCICIO"
"893821";"PRUEBA DE BRONCOMOTRICIDAD CON EJERCICIO Y MONITOREO"
"893822";"VENTILACION VOLUNTARIA MAXIMA"
"893823";"MEDICION DE CALORIMETRIA INDIRECTA"
"893824";"PRUEBA DE HIDROGENO ESPIRADO"
"893825";"OSCILOMETRIA DE IMPULSO"
"893901";"MEDICION DE ACIDEZ GASTRICA EN 24 HORAS [pHMETRIA]"
"893902";"ESTUDIO DE MOTILIDAD ESOFAGICA"
"893903";"ESTUDIO DE MOTILIDAD ESOFAGICA CON PERFUSION DE ACIDO"
"893904";"PRUEBA ENDOSCOPICA DE UREASA RAPIDA PARA DETERMINACION DE Helicobacter pylori"
"893905";"IMPEDANCIOMETRIA GASTRICA"
"893908";"COLORACIONES VITALES EN MUCOSA DIGESTIVA, VIA ENDOSCOPICA"
"893909";"ELECTROGASTROGRAFIA TRANSCUTANEA O INTRAGASTRICA"
"893910";"PRUEBAS VIA ORAL DE SENSIBILIZACION  CON ALERGENOS (PROVOCACION ORAL CON DOSIS INCREMENTALES DE ALERGENOS)"
"893911";"MONITORIZACION CONTINUA DE GLUCOSA  "
"894101";"PRUEBA DE EJERCICIO CARDIO-PULMONAR INTEGRADA (ERGOESPIROMETRIA)"
"894102";"PRUEBA DE ESFUERZO CARDIOVASCULAR"
"894104";"PRUEBA DE ESFUERZO EN FASES DE MASTERS"
"894401";"OTRA PRUEBA DE ESFUERZO CARDIOVASCULAR"
"894402";"PRUEBA DE CAMINATA DE 6 MINUTOS"
"894403";"PRUEBA DE 12 MINUTOS [COOPER]"
"894500";"COMPROBACION DE RITMO DE MARCAPASOS ARTIFICIAL SOD"
"894600";"COMPROBACION DE FORMA DE ONDA DE ARTEFACTO DE MARCAPASOS ARTIFICIAL SOD"
"894700";"COMPROBACION DE IMPEDANCIA DE ELECTRODO DE MARCAPASOS ARTIFICIAL SOD"
"894800";"COMPROBACION DE UMBRAL DE TENSION (AMPERAJE) DE MARCAPASO ARTIFICIAL SOD"
"895001";"MONITOREO ELECTROCARDIOGRAFICO CONTINUO (HOLTER)"
"895002";"MONITOREO ELECTROCARDIOGRAFICO DE EVENTOS"
"895004";"MONITOREO AMBULATORIO DE PRESION ARTERIAL SISTEMICA"
"895005";"MONITOREO AMBULATORIO DE PRESION ARTERIAL CENTRAL"
"895100";"ELECTROCARDIOGRAMA DE RITMO O DE SUPERFICIE SOD"
"895201";"ELECTROCARDIOGRAMA DE ALTA RESOLUCION (ESTUDIO DE POTENCIALES TARDIOS)"
"895300";"VECTOCARDIOGRAMA (CON ECG) SOD"
"895500";"FONOCARDIOGRAMA Y PULSOS SOD"
"895600";"DETECCION DE PULSO CAROTIDEO CON ELECTRODO DE ECG SOD"
"895700";"APICOGRAMA (CON ELECTRODO DE ECG) SOD"
"895801";"ULTRASONIDO INTRAVASCULAR DIAGNOSTICO"
"895901";"MEDICION DE PRESION DE MUÑON CAROTIDEO"
"895902";"MEDICION DE SATURACION VENOSA CEREBRAL"
"895903";"AURICULOGRAMA IZQUIERDO"
"895910";"PRUEBAS DE FUNCION AUTONOMICA CARDIOVASCULAR"
"895911";"ESTUDIO HEMODINAMICO NO INVASIVO PARA MEDICIONES VOLUMETRICAS INTRATORACICAS (CARDIOIMPEDANCIA)"
"895912";"ESTUDIO HEMODINAMICO NO INVASIVO  PARA MEDICIONES DE PRESIONES CENTRALES"
"896001";"COLOCACION DE CATETER (FRACCION DE EYECCION VENTRICULO DERECHO)"
"896101";"MONITOREO DE PRESION ARTERIAL SISTEMICA (TELEMETRIA)"
"896200";"MONITORIZACION DE PRESION VENOSA CENTRAL SOD"
"896300";"MONITORIZACION DE PRESION DE ARTERIA PULMONAR SOD"
"896400";"MONITORIZACION DE PRESION DE CAPILAR PULMONAR SOD"
"896501";"MONITORIZACION DE PRESION EN AURICULA IZQUIERDA VIA ABIERTA"
"896502";"MONITORIZACION DE PRESION EN AURICULA IZQUIERDA MINIMAMENTE INVASIVA"
"896700";"MONITORIZACION DE GASTO CARDIACO POR TECNICAS DE CONSUMO DE OXIGENO SOD"
"896801";"MONITORIZACION DE GASTO CARDIACO CON SONDA ESOFAGICA"
"896802";"MONITORIZACION DE GASTO CARDIACO CON IMPEDANCIA TORACICA"
"896803";"MONITORIZACION DE GASTO CARDIACO POR ANALISIS DE CURVA DE PRESION ARTERIAL"
"897011";"MONITORIA FETAL ANTEPARTO"
"897012";"MONITORIA FETAL INTRAPARTO"
"898009";"ESTUDIO DE COLORACION INMUNOHISTOQUIMICA EN CITOLOGIA VAGINAL TUMORAL O FUNCIONAL"
"898201";"ESTUDIO DE COLORACION BASICA EN ESPECIMEN DE RECONOCIMIENTO"
"898202";"ESTUDIO DE COLORACION HISTOQUIMICA EN ESPECIMEN DE RECONOCIMIENTO"
"898221";"ESTUDIO DE COLORACION BASICA EN ESPECIMEN CON MULTIPLE MUESTREO"
"898241";"ESTUDIO DE COLORACION BASICA EN ESPECIMEN CON RESECCION DE MARGENES"
"898242";"ESTUDIO DE COLORACION HISTOQUIMICA EN ESPECIMEN CON RESECCION DE MARGENES"
"898261";"ESTUDIO DE COLORACION BASICA EN ESPECIMEN CON MAPEO"
"898263";"ESTUDIO DE COLORACION INMUNOHISTOQUIMICA EN ESPECIMEN CON MAPEO"
"920101";"GAMAGRAFIA CEREBRAL ESTATICA"
"920102";"GAMAGRAFIA CEREBRAL DINAMICA (ESTUDIO DE MUERTE CEREBRAL)"
"920103";"CISTERNOGAMAGRAFIA"
"920104";"GAMAGRAFIA DE DERIVACIONES"
"920105";"GAMAGRAFIA SPECT CEREBRAL"
"920106";"GAMAGRAFIA METABOLICA CEREBRAL CON 18- FDG."
"920201";"CAPTACION TIROIDEA DE I-131 A 4 O 24 HORAS"
"920202";"GAMAGRAFIA DE TIROIDES"
"920203";"RECORRIDO CORPORAL CON I-131 (RASTREO DE METASTASIS)"
"920204";"GAMAGRAFIA CON METAIODO BENCILGUANIDINA [MIBG]"
"920208";"GAMAGRAFIA DE GLANDULAS PARATIROIDES O TETROFOSMIN"
"920209";"PRUEBA DE SUPRESION"
"920210";"PRUEBA DE PERCLORATO"
"920211";"GAMAGRAFIA DE SUPRARRENAL CON IODO COLESTEROL"
"920214";"GAMAGRAFIA CON OCTREOTIDE"
"920215";"GAMAGRAFIA DE GLANDULA MAMARIA"
"920301";"GAMAGRAFIA PULMONAR, PERFUSION"
"920302";"GAMAGRAFIA PULMONAR, VENTILACION"
"920303";"BUSQUEDA DE HEMORRAGIA PULMONAR"
"920304";"GAMAGRAFIA PULMONAR, PERFUSION Y VENTILACION"
"920305";"GAMAGRAFIA DE ACLARAMIENTO MUCOCILIAR"
"920306";"GAMAGRAFIA DE PERMEABILIDAD ALVEOLO CAPILAR"
"920307";"SALIVOGRAMA (TEST DE BRONCOASPIRACION)"
"920310";"GAMAGRAFIA SPECT TORAX"
"920401";"VENTRICULOGRAFIA NUCLEAR"
"920402";"VENTRICULOGRAFIA DE PRIMER PASO"
"920403";"VENTRICULOGRAFIA DE VENTRICULO DERECHO"
"920404";"VENTRICULOGRAFIA EN REPOSO"
"920405";"VENTRICULOGRAFIA EN REPOSO Y POST EJERCICIO"
"920406";"PERFUSION MIOCARDICA EN REPOSO"
"920407";"PERFUSION MIOCARDICA EN REPOSO Y POST-EJERCICIO"
"920408";"PERFUSION MIOCARDICA CON STRESS FARMACOLOGICO"
"920410";"GAMAGRAFIA DE MIOCARDIO CON PIROFOSFATOS"
"920411";"GAMAGRAFIA DE PERFUSION ARTERIAL"
"920412";"VENOGAMAGRAFIA"
"920413";"GAMAGRAFIA DE VIABILIDAD MIOCARDICA CON 18 FDG."
"920414";"GAMAGRAFIA DE VIABILIDAD MIOCARDICA CON TALIO O MARCADORES DE TC."
"920415";"GAMAGRAFIA DE TRASPLANTE CARDIACO"
"920501";"GAMAGRAFIA ESPLENICA"
"920502";"GAMAGRAFIA DE MEDULA OSEA"
"920503";"GAMAGRAFIA DE GANGLIOS LINFATICOS  - LINFOGAMAGRAFIA"
"920504";"GAMAGRAFIA DE FERROCINETICA"
"920505";"GAMAGRAFIA CON LEUCOCITOS MARCADOS"
"920506";"MEDICION DE ABSORCION GASTROINTESTINAL DE VITAMINA B12 [SHILLING]"
"920507";"GAMAGRAFIA DE INFECCION CON HIG"
"920508";"VOLUMEN DE GLOBULOS ROJOS"
"920509";"VIDA MEDIA DE GLOBULOS ROJOS"
"920510";"GAMAGRAFIA DE POOL SANGUINEO- COMPARTIMENTOS VASCULARES"
"920511";"VOLUMEN PLASMATICO"
"920601";"GAMAGRAFIA DE GLANDULAS SALIVALES"
"920602";"GAMAGRAFIA EN HEMORRAGIA DIGESTIVA CON ERITROCITOS MARCADOS"
"920603";"GAMAGRAFIA EN HEMORRAGIA DIGESTIVA CON COLOIDE"
"920604";"GAMAGRAFIA PARA MUCOSA GASTRICA ECTOPICA"
"920605";"GAMAGRAFIA DE TRANSITO ESOFAGICO"
"920606";"GAMAGRAFIA DE REFLUJO GASTROESOFAGICO"
"920607";"GAMAGRAFIA DE VACIAMIENTO GASTRICO EN FASE SOLIDA"
"920608";"GAMAGRAFIA DE VACIAMIENTO GASTRICO EN FASE LIQUIDA"
"920609";"GAMAGRAFIA SPECT ABDOMEN"
"920701";"GAMAGRAFIA HEPATOESPLENICA"
"920702";"GAMAGRAFIA HEPATOBILIAR"
"920703";"GAMAGRAFIA HEPATOBILIAR CON COLECISTOQUININA"
"920705";"GAMAGRAFIA DE TRASPLANTE HEPATICO"
"920706";"GAMAGRAFIA HEPATOESPLENICA CON SPECT"
"920707";"GAMAGRAFIA DE POOL SANGUINEO HEPATICO"
"920708";"GAMAGRAFIA DE REFLUJO BILIAR"
"920801";"RENOGRAMA SECUENCIAL"
"920802";"RENOGRAMA SECUENCIAL CON FILTRACION GLOMERULAR"
"920803";"GAMAGRAFIA DE FLUJO PLASMATICO RENAL EFECTIVO"
"920804";"GAMAGRAFIA DE RESIDUO VESICAL"
"920805";"GAMAGRAFIA DE FILTRACION GLOMERULAR"
"920806";"GAMAGRAFIA DE PERFUSION TESTICULAR Y CONTENIDO ESCROTAL"
"920807";"CISTOGAMAGRAFIA"
"920808";"RENOGRAMA BASAL Y POST CAPTOPRIL"
"920809";"GAMAGRAFIA RENAL ESTATICA CON DMSA"
"920810";"GAMAGRAFIA DE PERFUSION RENAL"
"920811";"RENOGRAMA CON MERTIATIDE"
"920813";"GAMAGRAFIA DE TRASPLANTE RENAL"
"920901";"GAMAGRAFIA OSEA (CORPORAL TOTAL O SEGMENTARIA)"
"920902";"GAMAGRAFIA OSEA DE TRES FASES"
"920903";"GAMAGRAFIA OSEA CON SPECT"
"920904";"GAMAGRAFIA SPECT COLUMNA"
"921100";"DACRIOCISTOGAMAGRAFIA [GAMAGRAFIA DE VIAS LAGRIMALES] SOD"
"921200";"GAMAGRAFIA CON GALIO 67 SOD"
"921301";"GAMAGRAFIA DE VIABILIDAD TUMORAL CON MIBI, TETROFOSMIN, TALIO U OCTEOTRIDE"
"921302";"GAMAGRAFIA TUMORAL CON 18 FDG."
"921303";"GAMAGRAFIA TUMORAL CON 11 C. METIONINA"
"921600";"GAMAGRAFIA DE ANTICUERPOS MONOCLONALES SOD"
"921700";"GAMAGRAFIA CON DMSA. PENTAVALENTE SOD"
"921800";"GAMAGRAFIA DE PANCREAS SOD"
"922447";"IRRADIACION CORPORAL TOTAL"
"922448";"IRRADIACION CUTANEA TOTAL"
"923201";"RADIOCIRUGIA INTRACRANEAL (PLANEACION COMPUTARIZADA Y SIMULACION VIRTUAL)"
"930860";"ELECTROMIOGRAFIA EN CADA EXTREMIDAD (UNO O MAS MUSCULOS)"
"935301";"APLICACION O CAMBIO DE YESO PARA INMOVILIZACION EN MIEMBRO SUPERIOR (EXCEPTO MANO)"
"935302";"APLICACION O CAMBIO DE YESO PARA INMOVILIZACION EN MANO"
"935303";"APLICACION O CAMBIO DE YESO O ARNES TORACOLUMBOSACRO"
"935304";"APLICACION O CAMBIO DE YESO PARA INMOVILIZACION EN MIEMBRO INFERIOR (MUSLO, PIERNA O TOBILLO)"
"941301";"OTRA ENTREVISTA Y EVALUACION PSIQUIATRICAS"
"941400";"EVALUACION DE SALUD MENTAL POR EQUIPO INTERDISCIPLINARIO SOD"
"943500";"INTERVENCION EN CRISIS SOD"
"944901";"INTERVENCION EN SALUD MENTAL COMUNITARIA, POR MEDICINA GENERAL"
"944902";"INTERVENCION EN SALUD MENTAL COMUNITARIA, POR PSIQUIATRIA"
"944903";"INTERVENCION EN SALUD MENTAL COMUNITARIA, POR ENFERMERIA"
"944904";"INTERVENCION EN SALUD MENTAL COMUNITARIA, POR PSICOLOGIA"
"944905";"INTERVENCION EN SALUD MENTAL COMUNITARIA, POR TRABAJO SOCIAL"
"944910";"INTERVENCION EN SALUD MENTAL COMUNITARIA, POR OTRO PROFESIONAL DE LA SALUD"
"944915";"INTERVENCION EN SALUD MENTAL COMUNITARIA, POR EQUIPO INTERDISCIPLINARIO"
"950501";"ESTUDIO DE CAMPO VISUAL CENTRAL Y PERIFERICO CONVENCIONAL"
"950505";"ESTUDIO DE CAMPO VISUAL CENTRAL O PERIFERICO COMPUTARIZADO"
"950601";"MEDICION DE AGUDEZA VISUAL"
"950610";"RECUENTO DE CELULAS ENDOTELIALES"
"951321";"DUPLEX SCANNING [DOPPLER - ECOGRAFIA] DE VASOS OCULARES (ARTERIA Y VENA CENTRAL DE RETINA, ARTERIA OFTALMICA Y VASOS CILIARES) A COLOR"
"951401";"ESTUDIO RADIOLOGICO DE OJO"
"952601";"TONOGRAFIA OCULAR CON PRUEBAS PROVOCATIVAS"
"954101";"REACTOMETRIA"
"954102";"AUDIOMETRIA POR OBSERVACION DEL COMPORTAMIENTO"
"954103";"AUDIOMETRIA POR REFUERZO VISUAL"
"954104";"AUDIOMETRIA POR JUEGO CONDICIONADO"
"954105";"LOGOAUDIOMETRIA POR SEÑALAMIENTO DE LAMINAS Y REPETICION DE PALABRAS"
"954106";"MEDIDAS DE COMUNICACION FUNCIONAL"
"954107";"AUDIOMETRIA DE TONOS PUROS AEREOS Y OSEOS CON ENMASCARAMIENTO [AUDIOMETRIA TONAL]"
"954301";"LOGOAUDIOMETRIA"
"954302";"INMITANCIA ACUSTICA (IMPEDANCIOMETRIA)"
"954305";"ACUFENOMETRIA [TINNITUGRAMA] "
"954306";"EVALUACION ELECTROACUSTICA FUNCIONAL DE LA TROMPA DE EUSTAQUIO"
"954307";"LOGOAUDIOMETRIA SENSIBILIZADA"
"954310";"PRUEBAS DE CONTEXTO CERRADO Y CONTEXTO ABIERTO (DISCRIMINACION)"
"954311";"PRUEBAS DE DESORDENES DEL PROCESAMIENTO AUDITIVO CENTRAL"
"954312";"PRUEBAS DE SIMULACION Y DISIMULACION"
"954313";"PRUEBAS DE RECLUTAMIENTO"
"954314";"PRUEBAS DE FATIGA ACUSTICA"
"954401";"PRUEBAS CLINICAS DE LA FUNCION VESTIBULAR"
"954402";"ELECTRONISTAGMOGRAFIA [ENG] O FOTOELECTRONISTAGMOGRAFIA"
"954403";"EVALUACION DEL REFLEJO VESTIBULO OCULO MOTOR ASISTIDO"
"954404";"POSTUROGRAFIA ESTATICA"
"954405";"POSTUROGRAFIA DINAMICA"
"954601";"EMISIONES OTOACUSTICAS"
"954602";"ELECTROCOCLEOGRAFIA [ECOG]"
"954603";"METODO DE DESPLAZAMIENTO [PROETZ]"
"954620";"PRUEBA DE PROMONTORIO"
"954624";"POTENCIALES EVOCADOS MIOGENICOS VESTIBULARES OCULARES"
"954625";"POTENCIALES EVOCADOS MIOGENICOS VESTIBULARES CERVICALES"
"954626";"POTENCIALES EVOCADOS AUDITIVOS DE CORTA LATENCIA MEDICION DE INTEGRIDAD"
"954627";"POTENCIALES EVOCADOS AUDITIVOS DE CORTA LATENCIA ANALISIS DE HABITUACION Y SINCRONIA NEURAL"
"954628";"POTENCIALES EVOCADOS AUDITIVOS DE CORTA LATENCIA POR VIA OSEA"
"954629";"POTENCIALES EVOCADOS AUDITIVOS DE CORTA LATENCIA CON CURVA FUNCION INTENSIDAD-LATENCIA"
"954630";"POTENCIALES EVOCADOS AUDITIVOS DE LATENCIA MEDIA Y LATENCIA TARDIA"
"954631";"POTENCIALES EVOCADOS AUDITIVOS CON IMPLANTE COCLEAR U OTRAS PROTESIS AUDITIVAS"
"954801";"EVALUACION Y ADAPTACION DE PROTESIS Y AYUDAS AUDITIVAS"
"954802";"MONITOREO DE PROTESIS Y AYUDAS AUDITIVAS"
"954803";"EVALUACION DE LA GANANCIA FUNCIONAL CON DISPOSITIVO AUDITIVO"
"954901";"FOTOGRAFIA DEL PABELLON AURICULAR (PREQUIRURGICA EN OTOPLASTIAS O RECONSTRUCCION)"
"954903";"REVISION Y AJUSTE DE COMPONENTES EXTERNOS DE DISPOSITIVO AUDITIVO IMPLANTABLE"
"954904";"REVISION Y AJUSTE DE COMPONENTES EXTERNOS DE DISPOSITIVO AUDITIVO NO IMPLANTABLE"
"960100";"INSERCION DE VIA AEREA NASOFARINGEA SOD"
"960200";"INSERCION DE VIA AEREA OROFARINGEA SOD"
"960300";"INSERCION DE VIA AEREA OBTURADA ESOFAGICA SOD"
"960401";"INSERCION DE TUBO ENDOTRAQUEAL CON TECNICA RETROGRADA"
"960402";"INSERCION DE TUBO ENDOTRAQUEAL DOBLE LUZ"
"960403";"INSERCION DE TUBO ENDOTRAQUEAL CON BLOQUEADOR SELECTIVO"
"960404";"INSERCION DE TUBO ENDOTRAQUEAL CON SONDA LUMINOSA"
"960405";"INSERCION DE CANULA JET TRANSTRAQUEAL"
"960600";"INSERCION DE TUBO O SONDA (TAPONAMIENTO ESOFAGICO) SOD"
"960700";"INSERCION DE OTRO TUBO O SONDA NASO-GASTRICA (INTUBACION PARA DECOMPRESION) SOD"
"960801";"INSERCION ENDOSCOPICA DE SONDA NASOYEYUNAL"
"960900";"INSERCION O SUSTITUCION DE TUBO O SONDA RECTAL SOD"
"961200";"INSERCION ADAPTACION DE APARATO ORTOPEDICO ORAL SOD"
"961400";"TAPONAMIENTO VAGINAL SOD"
"961601";"INSERCION DE DISPOSITIVO EN URETRA"
"962100";"DILATACION DEL RECTO SOD"
"962200";"DILATACION DEL ESFINTER ANAL SOD"
"962300";"DILATACION INSTRUMENTAL O MANUAL DE LA VAGINA SOD"
"962400";"DILATACION Y MANIPULACION DE ESTOMA DE ENTEROSTOMIA SOD"
"962600";"REDUCCION MANUAL DE PROLAPSO RECTAL SOD"
"962700";"REDUCCION MANUAL DE HERNIA SOD"
"963100";"LAVADO GASTRICO PARA HIPOTERMIA O CONGELACION GASTRICA SOD"
"963300";"LAVADO GASTRICO DE LIMPIEZA SOD"
"963800";"EXTRACCION DIGITAL O MANUAL DE HECES IMPACTADAS SOD"
"963900";"IRRIGACION O ENEMA TRANSANAL SOD"
"964100";"IRRIGACION, LAVADO O LIMPIEZA E INSTILACION LOCAL DE COLECISTOSMIA Y OTRO TUBO BILIAR SOD"
"964900";"INSTILACION GENITOURINARIA SOD"
"965100";"IRRIGACION Y LAVADO DEL OJO SOD"
"965201";"LAVADO E IRRIGACION DE OIDOS"
"965202";"CURACION DE OIDO"
"965203";"CURACION DE OIDO VIA ENDOSCOPICA"
"965301";"IRRIGACION O CURACION DE CONDUCTOS NASALES"
"965500";"LIMPIEZA Y CUIDADOS DE TRAQUEOSTOMIA SOD"
"965901";"LAVADO, IRRIGACION Y CUIDADOS DE HERIDA EN AREA GENERAL"
"965902";"LAVADO, IRRIGACION Y CUIDADOS DE HERIDA EN AREA ESPECIAL"
"967001";"INSEMINACION ARTIFICIAL"
"970100";"SUSTITUCION DE TUBO (SONDA) NASOGASTRICO O DE ESOFAGOSTOMIA SOD"
"970200";"SUSTITUCION DE TUBO (SONDA) DE GASTROSTOMIA SOD"
"970300";"SUSTITUCION DE TUBO O DISPOSITIVO DE ENTEROSTOMIA DEL INTESTINO DELGADO SOD"
"970400";"SUSTITUCION DE TUBO O DISPOSITIVO DE ENTEROSTOMIA DEL INTESTINO GRUESO SOD"
"970500";"SUSTITUCION DE TUBO O DISPOSITIVO EN VIAS BILIARES O CONDUCTO PANCREATICO SOD"
"971100";"SUSTITUCION DE ESCAYOLA O FERULA EN MIEMBRO SUPERIOR SOD"
"971200";"SUSTITUCION DE ESCAYOLA O FERULA EN MIEMBRO INFERIOR SOD"
"971400";"SUSTITUCION DE OTRO DISPOSITIVO PARA INMOVILIZACION MUSCULOESQUELETICA SOD"
"971500";"SUSTITUCION DE CATETER DE HERIDA SOD"
"971600";"SUSTITUCION DE TAPON O DRENAJE DE HERIDA SOD"
"972100";"SUSTITUCION DE TAPON NASAL SOD"
"972200";"SUSTITUCION DE TAPON DENTAL SOD"
"972300";"SUSTITUCION DE TUBO DE TRAQUEOSTOMIA SOD"
"972400";"SUSTITUCION DE DIAFRAGMA VAGINAL SOD"
"972600";"SUSTITUCION DE OTRO TAPON (MECHA) O DRENAJE VAGINAL O VULVAR SOD"
"973100";"EXTRACCION DE PROTESIS OCULAR SOD"
"973200";"EXTRACCION DE TAPON NASAL SOD"
"973300";"EXTRACCION DE FERULAS DENTALES SOD"
"973400";"EXTRACCION DE APARATOLOGIA ORTODONTICA FIJA SOD"
"973500";"EXTRACCION DE PROTESIS DENTAL SOD"
"973700";"EXTRACCION DE TUBO DE TRAQUEOSTOMIA SOD"
"973800";"RETIRO DE SUTURAS DE CABEZA Y CUELLO (RETIRO DE PUNTOS) SOD"
"974100";"EXTRACCION DE TUBO DE TORACOTOMIA O DE DRENAJE DE CAVIDAD PLEURAL SOD"
"974200";"EXTRACCION DE DREN MEDIASTINICO SOD"
"974300";"RETIRO DE SUTURAS DE TORAX (RETIRO DE PUNTOS) SOD"
"975100";"EXTRACCION DE TUBO DE GASTROSTOMIA SOD"
"975200";"EXTRACCION DE TUBO DE INTESTINO DELGADO SOD"
"975300";"EXTRACCION DE TUBO DE INTESTINO GRUESO O APENDICE SOD"
"975400";"EXTRACCION DE TUBO DE COLECISTOSTOMIA SOD"
"975500";"EXTRACCION DE TUBO EN T U OTRO TUBO DE VIA BILIAR O TUBO HEPATICO SOD"
"975600";"EXTRACCION DE TUBO O DREN PANCREATICO SOD"
"976102";"EXTRACCION DE DISPOSITIVO DE NEFROSTOMIA"
"976201";"EXTRACCION DE DISPOSITIVO DE URETEROSTOMIA"
"976301";"EXTRACCION DE DISPOSITIVO DE CISTOSTOMIA "
"976501";"EXTRACCION DE DISPOSITIVO URETRAL"
"977100";"EXTRACCION DE DISPOSITIVO ANTICONCEPTIVO INTRAUTERINO (DIU) SOD"
"977200";"EXTRACCION DE TAPON INTRAUTERINO SOD"
"977300";"EXTRACCION DE DIAFRAGMA VAGINAL SOD"
"977500";"EXTRACCION DE TAPON (MECHA) VAGINAL O VULVAR SOD"
"978100";"EXTRACCION DE DISPOSITIVO DE DRENAJE RETROPERITONEAL SOD"
"978200";"EXTRACCION DE DISPOSITIVO DE DRENAJE PERITONEAL SOD"
"978300";"EXTRACCION DE SUTURAS DE PARED ABDOMINAL SOD"
"978801";"EXTRACCION NO QUIRURGICA DE DISPOSITIVO DE INMOVILIZACION EXTERNO"
"981100";"EXTRACCION SIN INCISION DE CUERPO EXTRAÑO DE CONDUCTO AUDITIVO EXTERNO SOD"
"981201";"EXTRACCION DE CUERPO EXTRAÑO DE LA NARIZ SIN INCISION VIA TRANSNASAL"
"981202";"EXTRACCION DE CUERPO EXTRAÑO DE LA NARIZ SIN INCISION VIA ENDOSCOPICA"
"981300";"EXTRACCION SIN INCISION DE CUERPO EXTRAÑO INTRALUMINAL DE LA FARINGE SOD"
"981400";"EXTRACCION SIN INCISION DE CUERPO EXTRAÑO INTRALUMINAL DE LA LARINGE SOD"
"981500";"EXTRACCION SIN INCISION DE CUERPO EXTRAÑO INTRALUMINAL DE LA TRAQUEA Y BRONQUIO SOD"
"981600";"EXTRACCION SIN INCISION DE CUERPO EXTRAÑO INTRALUMINAL DEL UTERO SOD"
"981700";"EXTRACCION SIN INCISION DE CUERPO EXTRAÑO INTRALUMINAL DE LA VAGINA SOD"
"981800";"EXTRACCION SIN INCISION DE CUERPO EXTRAÑO INTRALUMINAL EN ESTOMA ARTIFICIAL SOD"
"981901";"EXTRACCION SIN INCISION DE CUERPO EXTRAÑO INTRALUMINAL DE LA URETRA"
"981905";"EXTRACCION ENDOSCOPICA DE CUERPO EXTRAÑO DE URETRA"
"982001";"EXTRACCION SIN INCISION DE CUERPO EXTRAÑO NO INTRALUMINAL"
"982101";"EXTRACCION DE CUERPO EXTRAÑO SUPERFICIAL DE LA CONJUNTIVA"
"982102";"EXTRACCION DE CUERPO EXTRAÑO SUPERFICIAL EN CORNEA O ESCLEROTICA"
"982200";"EXTRACCION SIN INCISION DE CUERPO EXTRAÑO NO INTRALUMINAL EN CUELLO O CABEZA SOD"
"982400";"EXTRACCION SIN INCISION DE CUERPO EXTRAÑO NO INTRALUMINAL EN PENE O ESCROTO SOD"
"982500";"EXTRACCION SIN INCISION DE CUERPO EXTRAÑO NO INTRALUMINAL EN OTRO SITIO SALVO EN VULVA, PENE O ESCROTO SOD"
"982600";"EXTRACCION SIN INCISION DE CUERPO EXTRAÑO EN MANO SOD"
"982700";"EXTRACCION SIN INCISION DE CUERPO EXTRAÑO EN BRAZO Y ANTEBRAZO SOD"
"982800";"EXTRACCION SIN INCISION DE CUERPO EXTRAÑO EN PIE SOD"
"982900";"EXTRACCION SIN INCISION DE CUERPO EXTRAÑO EN MIEMBRO INFERIOR SALVO PIE SOD"
"985200";"LITOTRIPCIA EXTRACORPOREA POR ONDAS DE CHOQUE EN VESICULA O CONDUCTO BILIAR SOD"
"990101";"EDUCACION GRUPAL EN SALUD, POR MEDICINA GENERAL"
"990102";"EDUCACION GRUPAL EN SALUD, POR MEDICINA ESPECIALIZADA"
"990103";"EDUCACION GRUPAL EN SALUD, POR ODONTOLOGIA"
"990104";"EDUCACION GRUPAL EN SALUD, POR ENFERMERIA"
"990105";"EDUCACION GRUPAL EN SALUD, POR NUTRICION Y DIETETICA"
"990106";"EDUCACION GRUPAL EN SALUD, POR PSICOLOGIA"
"990107";"EDUCACION GRUPAL EN SALUD, POR TRABAJO SOCIAL"
"990110";"EDUCACION GRUPAL EN SALUD, POR FONIATRIA Y FONOAUDIOLOGIA"
"990111";"EDUCACION GRUPAL EN SALUD, POR AGENTE EDUCATIVO"
"990112";"EDUCACION GRUPAL EN SALUD, POR HIGIENE ORAL"
"990113";"EDUCACION GRUPAL EN SALUD, POR EQUIPO INTERDISCIPLINARIO"
"990201";"EDUCACION INDIVIDUAL EN SALUD, POR MEDICINA GENERAL"
"990202";"EDUCACION INDIVIDUAL EN SALUD, POR MEDICINA ESPECIALIZADA"
"990203";"EDUCACION INDIVIDUAL EN SALUD, POR ODONTOLOGIA"
"990204";"EDUCACION INDIVIDUAL EN SALUD, POR ENFERMERIA"
"990205";"EDUCACION INDIVIDUAL EN SALUD, POR NUTRICION Y DIETETICA"
"990206";"EDUCACION INDIVIDUAL EN SALUD, POR PSICOLOGIA"
"990207";"EDUCACION INDIVIDUAL EN SALUD, POR TRABAJO SOCIAL"
"990210";"EDUCACION INDIVIDUAL EN SALUD, POR FONIATRIA Y FONOAUDIOLOGIA"
"990211";"EDUCACION INDIVIDUAL EN SALUD, POR AGENTE EDUCATIVO"
"990212";"EDUCACION INDIVIDUAL EN SALUD, POR HIGIENE ORAL"
"990213";"EDUCACION INDIVIDUAL EN SALUD, POR EQUIPO INTERDISCIPLINARIO"
"990221";"EDUCACION INDIVIDUAL EN SALUD, POR EQUIPO INTERDISCIPLINARIO Y COMUNICACION EN POBLACION INFANTIL Y ADOLESCENTE"
"990222";"EDUCACION INDIVIDUAL EN SALUD, POR EQUIPO INTERDISCIPLINARIO Y COMUNICACION EN POBLACION DE HOMBRES Y MUJERES EN EDAD FERTIL"
"990223";"EDUCACION INDIVIDUAL EN SALUD, POR EQUIPO INTERDISCIPLINARIO Y COMUNICACION EN POBLACION DE MUJERES GESTANTES Y LACTANTES"
"990224";"EDUCACION INDIVIDUAL EN SALUD, POR EQUIPO INTERDISCIPLINARIO Y COMUNICACION EN POBLACION DE ADULTO MAYOR"
"991100";"INYECCION DE GLOBULINA INMUNE RH SOD"
"991205";"INDUCCION DE TOLERANCIA ORAL A ALIMENTO"
"991401";"INYECCION DE GAMMA GLOBULINA O DE SUEROS INMUNES"
"991402";"APLICACION INMUNOGLOBULINA ANTIRRABICA"
"991403";"APLICACION INMUNOGLOBULINA ANTITETANICA"
"991600";"INYECCION DE ANTIDOTO SOD"
"991800";"INFUSION O ADMINISTRACION DE SOLUCIONES DE LIQUIDOS Y ELECTROLITOS SOD"
"992101";"INFILTRACION, IRRIGACION O INSTILACION DE MEDICAMENTOS EN SUBESCARA"
"992102";"INYECCION O INFUSION DE ANTIBIOTICO"
"992200";"INYECCION O INFUSION DE SUSTANCIA HORMONAL SOD"
"992300";"INYECCION O INFILTRACION DE ESTEROIDE SOD"
"A11003";"PLANEACION"
"992901";"INYECCION DE VITAMINA K"
"993101";"VACUNACION CONTRA COLERA"
"993102";"VACUNACION CONTRA TUBERCULOSIS [BCG]"
"993103";"VACUNACION CONTRA MENINGOCOCO (AC o BC)"
"993104";"VACUNACION CONTRA Haemophilus influenza tipo b"
"993105";"ADMINISTRACION DE TOXOIDE DIFTERICO"
"993106";"VACUNACION CONTRA NEUMOCOCO"
"993107";"ADMINISTRACION DE TOXOIDE DE TETANOS"
"993120";"VACUNACION COMBINADA CONTRA TETANOS Y DIFTERIA [Td]"
"993121";"VACUNACION COMBINADA CONTRA FIEBRE TIFOIDEA Y PARATIFOIDEA [TAB]"
"993122";"VACUNACION COMBINADA CONTRA DIFTERIA,TETANOS Y TOS FERINA [DPT]"
"993123";"VACUNACION COMBINADA CONTRA Haemophilus influenza tipo b, DIFTERIA,TETANOS Y TOS FERINA (TETRAVALENTE)"
"993124";"VACUNACION COMBINADA CONTRA DIFTERIA, TETANOS, TOS FERINA y Hepatitis B (TETRAVALENTE)"
"993125";"VACUNACION COMBINADA CONTRA DIFTERIA, TETANOS, TOS FERINA y POLIOMELITIS (IVP)"
"993130";"VACUNACION COMBINADA CONTRA Haemophilus influenza tipo b, DIFTERIA, TETANOS, TOS FERINA Y Hepatitis B (PENTAVALENTE)"
"993131";"VACUNACION COMBINADA CONTRA Haemophilus influenza tipo b, DIFTERIA, TETANOS, TOS FERINA Y POLIOMELITIS IVP (PENTAVALENTE)"
"993501";"VACUNACION CONTRA POLIOMIELITIS (VOP O IVP)"
"993502";"VACUNACION CONTRA Hepatitis A"
"993503";"VACUNACION CONTRA Hepatitis B"
"993504";"VACUNACION CONTRA FIEBRE AMARILLA"
"993505";"VACUNACION CONTRA RABIA"
"993506";"VACUNACION CONTRA SARAMPION"
"993507";"VACUNACION CONTRA PAROTIDITIS"
"993508";"VACUNACION CONTRA RUBEOLA"
"993509";"VACUNACION CONTRA VARICELA"
"993510";"VACUNACION CONTRA INFLUENZA"
"993512";"VACUNACION CONTRA ROTAVIRUS"
"993513";"VACUNACION CONTRA VIRUS Papiloma Humano [VPH]"
"993520";"VACUNACION COMBINADA CONTRA SARAMPION Y RUBEOLA [SR] (DOBLE VIRAL)"
"993521";"VACUNACION COMBINADA CONTRA Hepatitis A Y Hepatitis B"
"993522";"VACUNACION COMBINADA CONTRA SARAMPION, PAROTIDITIS Y RUBEOLA [SRP] (TRIPLE VIRAL)"
"994100";"ADMINISTRACION DE ANTITOXINA TETANICA SOD"
"A11004";"EJECUCION"
"994200";"ADMINISTRACION DE ANTITOXINA DE BOTULISMO SOD"
"994300";"ADMINISTRACION DE ANTITOXINA DIFTERICA SOD"
"995201";"OTRA VACUNACION DEL PROGRAMA AMPLIADO DE INMUNIZACIONES"
"995202";"ADMINISTRACIÓN VACUNA SARS CoV 2 [COVID-19]"
"996101";"CARDIOVERSION ELECTRICA A TORAX CERRADO ELECTIVA"
"996102";"CARDIOVERSION ELECTRICA A TORAX CERRADO"
"996300";"MASAJE CARDIACO A TORAX CERRADO SOD"
"996400";"ESTIMULACION DE SENO CAROTIDEO SOD"
"996901";"OTRA CONVERSION DE RITMO CARDIACO O RESUCITACION CARDIOPULMONAR"
"997101";"APLICACION DE SELLANTES DE AUTOCURADO"
"997102";"APLICACION DE SELLANTES DE FOTOCURADO"
"997103";"TOPICACION DE FLUOR EN GEL"
"997104";"TOPICACION DE FLUOR EN SOLUCION"
"997105";"APLICACION DE RESINA PREVENTIVA"
"997106";"TOPICACION DE FLUOR EN BARNIZ"
"997301";"DETARTRAJE SUPRAGINGIVAL"
"997310";"CONTROL DE PLACA DENTAL"
"998001";"MONITOREO Y CONTROL DE HIPOTERMIA PERIOPERATORIA CON USO DE COBIJAS CONVECTIVAS"
"998002";"MONITOREO Y CONTROL DE HIPOTERMIA PERIOPERATORIA CON USO DE CALENTADORES DE LIQUIDOS"
"998003";"MONITOREO Y CONTROL DE HIPOTERMIA PERIOPERATORIA CON USO DE CALENTADORES ARTERIOVENOSOS"
"998004";"MONITOREO Y CONTROL DE HIPOTERMIA PERIOPERATORIA CON USO DE COLCHONES CALENTADORES"
"998005";"SEGUIMIENTO Y CONTROL DE TEMPERATURA PERIOPERATORIA"
"998101";"MONITOREO Y CONTROL DE HIPOTERMIA CENTRAL"
"998102";"MONITOREO Y CONTROL DE HIPOTERMIA LOCAL"
"998601";"COLOCACION TRANSCUTANEA DE APOSITOS O PARCHES PARA LA ESTIMULACION DEL CRECIMIENTO OSEO"
"998701";"SOPORTE ANESTESICO PARA CONSULTA O APOYO DIAGNOSTICO"
"999301";"ACUPUNTURA"
"A10001";"INFORMACION, EDUCACION Y COMUNICACION EN POBLACION INFANTIL Y ADOLESCENTE"
"A10002";"INFORMACION, EDUCACION Y COMUNICACION EN POBLACION DE HOMBRES Y MUJERES EN EDAD FERTIL"
"A10003";"INFORMACION, EDUCACION Y COMUNICACION EN POBLACION DE MUJERES GESTANTES Y LACTANTES"
"A10004";"INFORMACION, EDUCACION Y COMUNICACION EN POBLACION DE ADULTO MAYOR"
"A10201";"INFORMACION, EDUCACION Y COMUNICACION EN FOMENTO DE FACTORES PROTECTORES HACIA EL CONTROL DE ENFERMEDADES TRANSMITIDAS POR VECTORES"
"A10202";"INFORMACION, EDUCACION Y COMUNICACION EN FOMENTO DE FACTORES PROTECTORES HACIA EL CONTROL DE ENFERMEDADES TRANSMISIBLES POR MICROORGANISMOS (BACTERIAS-MICOBACTERIAS, HONGOS, VIRUS, PARASITOS)"
"A10203";"INFORMACION, EDUCACION Y COMUNICACION EN FOMENTO DE FACTORES PROTECTORES HACIA EL CONTROL DE ENFERMEDADES TRANSMISIBLES POR ALIMENTOS Y BEBIDAS"
"A10204";"INFORMACION, EDUCACION Y COMUNICACION EN FOMENTO DE FACTORES PROTECTORES HACIA EL CONTROL DE ZOONOSIS"
"A10301";"INFORMACION, EDUCACION Y COMUNICACION EN FOMENTO DE FACTORES PROTECTORES HACIA EL CONTROL DE ENFERMEDADES CRONICAS METABOLICAS"
"A10302";"INFORMACION, EDUCACION Y COMUNICACION EN FOMENTO DE FACTORES PROTECTORES HACIA EL CONTROL DE ENFERMEDADES CRONICAS CARDIOVASCULARES"
"A10303";"INFORMACION, EDUCACION Y COMUNICACION EN FOMENTO DE FACTORES PROTECTORES HACIA EL CONTROL DE ENFERMEDADES CRONICAS ONCOLOGICAS"
"A10401";"INFORMACION, EDUCACION Y COMUNICACION HACIA EL FOMENTO DE CONTROL DE FACTORES DE RIESGOS FISICOS Y QUIMICOS, EN EL AGUA PARA CONSUMO HUMANO"
"A10402";"INFORMACION, EDUCACION Y COMUNICACION HACIA EL FOMENTO DE CONTROL DE FACTORES DE RIESGOS FISICOS Y QUIMICOS, EN EL AIRE"
"A10403";"INFORMACION, EDUCACION Y COMUNICACION HACIA EL FOMENTO DE CONTROL DE FACTORES DE RIESGOS FISICOS Y QUIMICOS, EN EL SUELO"
"A10501";"DIVULGACION DE BOLETINES EPIDEMIOLOGICOS SOBRE LA SITUACION DE CADA EVENTO EN LA POBLACION Y SUS MEDIDAS DE INTERVENCION"
"A10502";"INFORMACION, EDUCACION Y COMUNICACION SOBRE MEDIDAS DE CONTROL DE RIESGOS ASOCIADOS A LOS EVENTOS BAJO VIGILANCIA INTENSIFICADA"
"A11002";"ALTERNATIVA DE SOLUCION CONCERTADA"
"A11005";"EVALUACION Y SEGUIMIENTO"
"A11110";"EVALUACION Y SEGUIMIENTO DEPARTAMENTAL O MUNICIPAL"
"A20001";"APOYO A LA VIGILANCIA DE INDICADORES DE PROTECCION  ESPECIFICA Y DETECCCION TEMPRANA"
"A20002";"ADQUISICION Y ADMINISTRACION DE INSUMOS Y BIOLOGICOS"
"A21101";"MONITOREO Y VIGILANCIA DE COBERTURAS DEL ESQUEMA PROGRAMA AMPLIADO DE INMUNIZACIONES"
"A21102";"MONITOREO Y VIGILANCIA DE COBERTURA PARA CONTROL DE RABIA (CANINA Y HUMANA) Y ENCEFALITIS EQUINA"
"A22001";"IDENTIFICACION Y CANALIZACION EFECTIVA DE LA POBLACION HACIA LA DETECCION TEMPRANA Y PROTECCION  ESPECIFICA"
"A30001";"RECOLECCION, ANALISIS Y NOTIFICACION INMEDIATA DE CASOS PROBABLES DE PESTE BUBONICA, COLERA, FIEBRE AMARILLA Y RABIA HUMANA"
"A30002";"RECOLECCION, ANALISIS Y NOTIFICACION INMEDIATA DE CASOS CONFIRMADOS DE LOS OTROS EVENTOS BAJO VIGILANCIA INTENSIFICADA"
"A30003";"ELABORACION DE MAPAS DE RIESGOS DE LOS EVENTOS BAJO VIGILANCIA INTENSIFICADA"
"A30004";"DIVULGACION DE ANALISIS EPIDEMIOLOGICOS (ESCENARIOS) POR LUGAR, TIEMPO Y PERSONA"
"A30005";"UNIDADES DE ANALISIS DE LA SITUACION EPIDEMIOLOGICA DE LOS EVENTOS BAJO VIGILANCIA INTENSIFICADA"
"A30020";"ASISTENCIA TECNICA EN EL ANALISIS DE SITUACIONES DE INTERES EN SALUD PUBLICA"
"A30101";"VIGILANCIA ENTOMOLOGICA (MONITOREO DE LA DISTRIBUCION Y EL COMPORTAMIENTO DE LAS ESPECIES VECTORAS DE LAS ETV EN REGIONES ENDEMICAS, IMPACTO DE LAS MEDIDAS DE CONTROL Y SUSCEPTIBILIDAD DE LOS VECTORES A LOS INSECTICIDAS)."
"A31001";"INVESTIGACION DE CASO DE INTERES EN SALUD PUBLICA"
"A31002";"INVESTIGACION DE BROTES O CONGLOMERADOS"
"A31003";"INVESTIGACION Y CONTROL DE FOCOS"
"A31004";"BUSQUEDA, ESTUDIO Y SEGUIMIENTO DE CONTACTOS"
"A31005";"ESTUDIOS EPIDEMIOLOGICOS RAPIDOS DE LOS DETERMINANTES ASOCIADOS A LOS EVENTOS BAJO VIGILANCIA INTENSIFICADA"
"A31006";"PRIORIZACION DE RIESGOS EN LAS COLECTIVIDADES"
"A31007";"IDENTIFICACION DE POBLACIONES DE MAYOR VULNERABILIDAD A SUFRIR EVENTOS DE INTERES EN SALUD PUBLICA"
"A31020";"ASISTENCIA TECNICA PARA EL CONTROL DE BROTES O EPIDEMIAS"
"A32001";"DENGUE HEMORRAGICO DETERMINACION DEL ANTIGENO REACCION EN CADENA DE LA POLIMERASA"
"A32002";"DENGUE HEMORRAGICO TIPIFICACION"
"A32003";"FIEBRE AMARILLA DETERMINACION"
"A32004";"FIEBRE AMARILLA TIPIFICACION"
"A32005";"POLIOMELITIS DETERMINACION"
"A32006";"POLIOMELITIS TIPIFICACION"
"A32007";"RABIA DETERMINACION DE ANTIGENO SEMIAUTOMATIZADO O AUTOMATIZADO"
"A32008";"RABIA TIPIFICACION PRUEBA BIOLOGICA INOCULACION EN RATON"
"A32009";"INFECCION RESPIRATORIA AGUDA VIRAL DETERMINACION"
"A32010";"INFECCION RESPIRATORIA AGUDA VIRAL TIPIFICACION"
"A32012";"DETECCION ANTIGENO VIRUS (ESPECIFICO) REACCION EN CADENA DE LA POLIMERASA"
"A32014";"ENTEROVIRUS DETECCION REACCION EN CADENA DE LA POLIMERASA"
"A32015";"NOROVIRUS DETECCION SEMIAUTOMATIZADO O AUTOMATIZADO"
"A32016";"INFLUENZA A Y B DETECCION REACCION EN CADENA DE LA POLIMERASA"
"A32017";"CHIKUNGUNYA DETECCION REACCION EN CADENA DE LA POLIMERASA"
"A32019";"FIEBRE AMARILLA DETECCION REACCION EN CADENA DE LA POLIMERASA"
"A32020";"VIRUS DE ENCEFALITIS EQUINA DETECCION REACCION EN CADENA DE LA POLIMERASA"
"A32021";"CHIKUNGUNYA ANTICUERPOS Ig G"
"A32022";"CHIKUNGUNYA ANTICUERPOS Ig M"
"A32024";"DENGUE AISLAMIENTO VIRAL"
"A32025";"FIEBRE AMARILLA AISLAMIENTO VIRAL"
"A32101";"Haemophilus influenzae CULTIVO"
"A32102";"Haemophilus influenzae BIOTIPIFICACION"
"A32103";"Haemophilus influenzae PRUEBA DE SUSCEPTIBILIDAD (KIRBY BAUER)"
"A32104";"Haemophilus influenzae SEROTIPIFICACION"
"A32105";"Leishmania CULTIVO PRIMARIO"
"A32106";"Listeria monocytogenes CULTIVO"
"A32107";"Neisseria gonorrhoeae PRUEBA DE SUSCEPTIBILIDAD (CONCENTRACION MINIMA INHIBITORIA)"
"A32108";"Neisseria gonorrhoeae PRUEBA DE SUSCEPTIBILIDAD (KIRBY BAUER)"
"A32109";"Neisseria meningitidis PRUEBA DE SUSCEPTIBILIDAD (CONCENTRACION MINIMA INHIBITORIA)"
"A32110";"Neisseria meningitidis SEROTIPIFICACION"
"A32111";"Neisseria meningitidis SUBTIPIFICACION"
"A32112";"Streptococcus pneumoniae CULTIVO"
"A32113";"Streptococcus pneumoniae SEROTIPIFICACION"
"A32114";"Streptococcus pneumoniae PRUEBA DE SUSCEPTIBILIDAD CONCENTRACION MINIMA INHIBITORIA"
"A32115";"Streptococcus pneumoniae PRUEBA DE SUSCEPTIBILIDAD (KIRBY BAUER)"
"A32116";"Streptococcus pneumoniae PRUEBA DE TAMIZ OXACILINA"
"A32117";"Streptococcus agalactiae CULTIVO"
"A32118";"Salmonella spp SEROTIPIFICACION"
"A32119";"Salmonella spp PRUEBA DE SUSCEPTIBILIDAD (KIRBY BAUER)"
"A32120";"Shiguella spp PRUEBA DE SUSCEPTIBILIDAD (KIRBY BAUER)"
"A32121";"Trypanosoma EXAMEN DIRECTO POR METODO DE STROUT"
"A32122";"Trypanosoma CULTIVO PRIMARIO"
"A32123";"Trypanosoma IDENTIFICACION REACCION EN CADENA DE LA POLIMERASA"
"A32124";"Vibrio cholerae CULTIVO"
"A32125";"Vibrio cholerae SEROTIPIFICACION"
"A32126";"Vibrio cholerae PRUEBA DE SUSCEPTIBILIDAD (KIRBY BAUER)"
"A32301";"BRUCELLOSIS AISLAMIENTO"
"A32302";"ENCEFALITIS EQUINA AISLAMIENTO"
"A32303";"LEPTOSPIROSIS AISLAMIENTO"
"A32304";"RABIA BOVINA AISLAMIENTO"
"A32305";"SALMONELLOSIS AVINA Y PORCINA AISLAMIENTO"
"A32306";"TUBERCULOSIS ANIMAL AISLAMIENTO"
"A32401";"ANALISIS FISICO-QUIMICO (ORGANOLEPTICO) DEL AGUA PARA CONSUMO HUMANO"
"A32402";"ANALISIS BACTERIOLOGICO (MICROBIOLOGICO) DEL AGUA PARA CONSUMO HUMANO"
"A32410";"DETERMINACION DE PLOMO, CADMIO Y MERCURIO EN MUESTRAS AMBIENTALES"
"A32411";"DETERMINACION DE TALIO EN AGUA"
"A32412";"DETERMINACION DE CALCIO, MAGNESIO, COBRE, SODIO Y POTASIO EN AGUA"
"A32413";"DETERMINACION DE MANGANESO, YODO Y FLUOR EN AGUA"
"A32430";"ORGANOFOSFORADOS (PROPORXUR, METILPARATIUM, OTROS) EN MUESTRAS AMBIENTALES"
"A32431";"ORGANOCLORADOS (ALDRIN, DELTRIN, DDT, OTROS) EN MUESTRAS AMBIENTALES"
"A32432";"CARBAMATOS EN MUESTRAS AMBIENTALES"
"A32433";"SOLVENTES (BENCENO, TOLUENO, XILENO, OTROS) EN MUESTRAS AMBIENTALES"
"A32501";"ESTABILIDAD AL ISOPROPANOL DE LA HEMOGLOBINA"
"A32510";"DETERMINACION DE RADIACIONES IONIZANTES"
"A32601";"Aedes aegypti IDENTIFICACION"
"A32602";"Aedes albopictus IDENTIFICACION"
"A32603";"Anopheles IDENTIFICACION"
"A32604";"Flebotomineos  IDENTIFICACION"
"A32605";"Triatominos IDENTIFICACION"
"A32606";"CONFIRMACION TAXONOMICA DEL VECTOR"
"A32610";"Haemagogus INVENTARIO"
"A32611";"Aedes aegypti INVENTARIO"
"A32612";"Flebotomineos INVENTARIO"
"A32613";"Anopheles INVENTARIO"
"A32614";"Reduvideus INVENTARIO"
"A32620";"PRUEBAS BIOLOGICAS PARA FORMAS INMADURAS (LARVAS)"
"A32621";"PRUEBAS BIOLOGICAS PARA FORMAS ADULTAS"
"A32701";"ANALISIS DE ALIMENTOS DIETETICOS"
"A32702";"ANALISIS DE ALIMENTOS ENRIQUECIDOS"
"A32703";"ANALISIS DE AZUCARES Y DERIVADOS"
"A32704";"ANALISIS DE CERELAES Y DERIVADOS"
"A32705";"ANALISIS DE DERIVADOS CARNICOS"
"A32706";"ANALISIS DE DERIVADOS DE LAS FRUTAS Y LEGUMBRES"
"A32707";"ANALISIS DE DERIVADOS DE LA PESCA (CONSERVAS, SEMICONSERVAS Y PREPARADOS)"
"A32708";"ANALISIS DE DERIVADOS LACTEOS"
"A32709";"ANALISIS DE ESPECIAS, CONDIMENTOS, MOSTAZA Y SAL DE MESA"
"A32710";"ANALISIS DE GRASAS Y ACEITES"
"A32712";"ANALISIS DE MARGARINAS CON VITAMINA A"
"A32713";"ANALISIS MICROBIOLOGICO DE ALIMENTOS"
"A32714";"ANALISIS DE VITAMINAS"
"A32730";"ANALISIS DE CERVEZA"
"A32731";"ANALISIS DE LICORES"
"A32732";"ANALISIS DE VINOS Y APERITIVOS"
"A32750";"ANALISIS DE BEBIDAS DIETETICAS"
"A32751";"ANALISIS DE BEBIDAS ESTIMULANTES"
"A32752";"ANALISIS DE GASEOSAS, REFRESCOS Y AGUAS"
"A32753";"ANALISIS DE LECHE LIQUIDA"
"A32801";"ENSAYOS BIOLOGICOS DE CREMAS Y LOCIONES"
"A32802";"ENSAYOS FISICOS Y QUIMICO DE CREMAS Y LOCIONES"
"A32803";"VERIFICACION DE LA ROTULACION DE CREMAS Y LOCIONES"
"A32804";"DESCRIPCION DEL TIPO DE ENVASE DE CREMAS Y LOCIONES"
"A32810";"ENSAYOS FISICOS Y QUIMICOS DE SOLUCIONES HIDROALCOHOLICAS"
"A32811";"VERIFICACION DE LA ROTULACION DE SOLUCIONES HIDROALCOHOLICAS"
"A32812";"DESCRIPCION DEL TIPO DE ENVASE DE SOLUCIONES HIDROALCOHOLICAS"
"A32820";"ENSAYOS BIOLOGICOS DE COSMETICOS PARA EL CABELLO"
"A32821";"ENSAYOS FISICOS Y QUIMICO DE COSMETICOS PARA EL CABELLO"
"A32822";"VERIFICACION DE LA ROTULACION DE COSMETICOS PARA EL CABELLO"
"A32823";"DESCRIPCION DEL TIPO DE ENVASE DE COSMETICOS PARA EL CABELLO"
"A32830";"ENSAYOS FISICOS Y QUIMICOS DE FIJADORES PARA EL CABELLO"
"A32831";"VERIFICACION DE LA ROTULACION DE FIJADORES PARA EL CABELLO"
"A32832";"DESCRIPCION DEL TIPO DE ENVASE DE FIJADORES PARA EL CABELLO"
"A32840";"ENSAYOS FISICOS Y QUIMICO PARA COSMETICOS PARA LAS UÑAS"
"A32841";"VERIFICACION DE LA ROTULACION PARA COSMETICOS PARA LAS UÑAS"
"A32842";"DESCRIPCION DEL TIPO DE ENVASE PARA COSMETICOS PARA LAS UÑAS"
"A32850";"ENSAYOS BIOLOGICOS PARA PRODUCTOS MOLDEADOS"
"A32851";"ENSAYOS FISICOS Y QUIMICO PARA PRODUCTOS MOLDEADOS"
"A32852";"VERIFICACION DE LA ROTULACION PARA PRODUCTOS MOLDEADOS"
"A32853";"DESCRIPCION DEL TIPO DE ENVASE PARA PRODUCTOS MOLDEADOS"
"A32860";"ENSAYOS BIOLOGICOS PARA COSMETICOS EN POLVO COMPACTOS Y SUELTOS"
"A32861";"ENSAYOS FISICOS Y QUIMICO PARA COSMETICOS EN POLVO COMPACTOS Y SUELTOS"
"A32862";"VERIFICACION DE LA ROTULACION PARA COSMETICOS EN POLVO COMPACTOS Y SUELTOS"
"A32863";"DESCRIPCION DEL TIPO DE ENVASE PARA COSMETICOS EN POLVO COMPACTOS Y SUELTOS"
"A32870";"ENSAYOS BIOLOGICOS DE PRODUCTOS DE HIGIENE PERSONAL"
"A32871";"ENSAYOS FISICOS Y QUIMICO DE PRODUCTOS DE HIGIENE PERSONAL"
"A32872";"VERIFICACION DE LA ROTULACION DE PRODUCTOS DE HIGIENE PERSONAL"
"A32873";"DESCRIPCION DEL TIPO DE ENVASE DE PRODUCTOS DE HIGIENE PERSONAL"
"A32901";"ENSAYOS BIOLOGICOS DE FORMAS FARMACEUTICAS SOLIDAS NO ESTERILES"
"A32902";"ENSAYOS FISICOS Y QUIMICO DE FORMAS FARMACEUTICAS SOLIDAS NO ESTERILES"
"A32903";"VERIFICACION DE LA ROTULACION DE FORMAS FARMACEUTICAS SOLIDAS NO ESTERILES"
"A32904";"DESCRIPCION DEL TIPO DE ENVASE Y EMPAQUE DE FORMAS FARMACEUTICAS SOLIDAS NO ESTERILES"
"A32910";"ENSAYOS BIOLOGICOS DE FORMAS FARMACEUTICAS LIQUIDAS NO ESTERILES"
"A32911";"ENSAYOS FISICOS Y QUIMICO DE FORMAS FARMACEUTICAS LIQUIDAS NO ESTERILES"
"A32912";"VERIFICACION DE LA ROTULACION DE FORMAS FARMACEUTICAS LIQUIDAS NO ESTERILES"
"A32913";"DESCRIPCION DEL TIPO DE ENVASE Y EMPAQUE DE FORMAS FARMACEUTICAS LIQUIDAS NO ESTERILES"
"A32920";"ENSAYOS BIOLOGICOS DE FORMAS FARMACEUTICAS SEMISOLIDAS NO ESTERILES"
"A32921";"ENSAYOS FISICOS Y QUIMICO DE FORMAS FARMACEUTICAS SEMISOLIDAS NO ESTERILES"
"A32922";"VERIFICACION DE LA ROTULACION DE FORMAS FARMACEUTICAS SEMISOLIDAS NO ESTERILES"
"A32923";"DESCRIPCION DEL TIPO DE ENVASE Y EMPAQUE DE FORMAS FARMACEUTICAS SEMISOLIDAS NO ESTERILES"
"A32930";"ENSAYOS BIOLOGICOS DE FORMAS FARMACEUTICAS LIQUIDAS ESTERILES"
"A32931";"ENSAYOS FISICOS Y QUIMICO DE FORMAS FARMACEUTICAS LIQUIDAS ESTERILES"
"A32932";"VERIFICACION DE LA ROTULACION DE FORMAS FARMACEUTICAS LIQUIDAS ESTERILES"
"A32933";"DESCRIPCION DEL TIPO DE ENVASE Y EMPAQUE DE FORMAS FARMACEUTICAS LIQUIDAS ESTERILES"
"A32940";"ENSAYOS BIOLOGICOS DE FORMAS FARMACEUTICAS SEMISOLIDAS ESTERILES"
"A32941";"ENSAYOS FISICOS Y QUIMICO DE FORMAS FARMACEUTICAS SEMISOLIDAS ESTERILES"
"A32942";"VERIFICACION DE LA ROTULACION DE FORMAS FARMACEUTICAS SEMISOLIDAS ESTERILES"
"A32943";"DESCRIPCION DEL TIPO DE ENVASE Y EMPAQUE DE FORMAS FARMACEUTICAS SEMISOLIDAS ESTERILES"
"A32950";"ENSAYOS BIOLOGICOS DE FORMAS FARMACEUTICAS SOLIDAS ESTERILES"
"A32951";"ENSAYOS FISICOS Y QUIMICO DE FORMAS FARMACEUTICAS SOLIDAS ESTERILES"
"A32952";"VERIFICACION DE LA ROTULACION DE FORMAS FARMACEUTICAS SOLIDAS ESTERILES"
"A32953";"DESCRIPCION DEL TIPO DE ENVASE Y EMPAQUE DE FORMAS FARMACEUTICAS SOLIDAS ESTERILES"
"A32980";"ENSAYOS BIOLOGICOS DE DISPOSITIVOS TRANSDERMICOS DE ACCION LOCAL Y OTROS"
"A32981";"ENSAYOS FISICOS Y QUIMICOS DE DISPOSITIVOS TRANSDERMICOS DE ACCION LOCAL Y OTROS"
"A32982";"VERIFICACION DE LA ROTULACION DE DISPOSITIVOS TRANSDERMICOS DE ACCION LOCAL Y OTROS"
"A32983";"DESCRIPCION DEL TIPO DE ENVASE Y EMPAQUE DE DISPOSITIVOS TRANSDERMICOS Y OTROS"
"A40001";"MUESTREOS EN EL CONTROL DE CALIDAD DEL AGUA PARA CONSUMO HUMANO"
"A40002";"REGISTROS ACTUALIZADOS DE COBERTURAS DE AGUA POTABLE EN SU JURISDICCION"
"A40003";"RECOLECCION, ANALISIS Y NOTIFICACION DE EVENTOS EN SALUD ASOCIADOS A LA CALIDAD DEL AGUA PARA CONSUMO HUMANO"
"A40004";"ELABORACION DE MAPAS DE RIESGO CON INDICADORES DE CALIDAD DEL AGUA PARA CONSUMO HUMANO Y EVENTOS DE SALUD ASOCIADOS"
"A40101";"CENSO ACTUALIZADO DE ESTABLECIMIENTOS PRODUCTORES DE RESIDUOS PELIGROSOS"
"A40102";"INSPECCION A LOS SISTEMAS MUNICIPALES DE RECOLECCION, TRANSPORTE Y DISPOSICION FINAL DE RESIDUOS SOLIDOS Y LIQUIDOS"
"A40103";"RECOLECCION, ANALISIS Y NOTIFICACION DE EVENTOS DE SALUD ASOCIADOS CON EL MANEJO DE RESIDUOS SOLIDOS Y LIQUIDOS"
"A40104";"ELABORACION DE MAPAS DE RIESGO CON MONITOREO CONTINUO DEL MANEJO SANITARIO DE RESIDUOS SOLIDOS Y LIQUIDOS"
"A40201";"CENSO ACTUALIZADO DE ESTABLECIMIENTOS QUE FABRICAN, PROCESAN, COMERCIALIZAN, ALMACENAN, EXPENDEN O CONSUMEN ALIMENTOS Y BEBIDAS"
"A40202";"REGISTRO DE CONTROL DE CONDICIONES SANITARIAS DE LOS ESTABLECIMIENTOS DE ALIMENTOS Y BEBIDAS"
"A40203";"RECOLECCION, ANALISIS Y NOTIFICACION DE EVENTOS DE SALUD ASOCIADOS CON CALIDAD SANITARIA DE ALIMENTOS Y BEBIDAS"
"A40204";"ELABORACION DE MAPAS DE RIESGO CON MONITOREO DEL CONTROL DE CALIDAD DE ALIMENTOS Y BEBIDAS"
"A40301";"REGISTRO DE VERIFICACION DE CONDICIONES SANITARIAS E INFRAESTRUCTURA FISICA (SERVICIOS DE AGUA POTABLE, ASEO, ALCANTARILLADO) EN TERMINALES, PUERTOS Y AEROPUERTOS"
"A40302";"CONTROL SANITARIO A LA MOVILIZACION DE PERSONAS, ANIMALES Y PRODUCTOS DE ORIGEN ANIMAL EN TERMINALES, PUERTOS Y AEROPUERTOS"
"A40303";"RECOLECCION, ANALISIS Y NOTIFICACION DE FACTORES DE RIESGO DEL AMBIENTE: FISICOS, QUIMICOS, BIOLOGICOS Y DEL CONSUMO (ALIMENTOS Y BEBIDAS) EN TERMINALES, PUERTOS Y AEROPUERTOS"
"A40304";"ELABORACION DE MAPAS DE RIESGO DEL AMBIENTE: FISICOS, QUIMICOS, BIOLOGICOS Y DEL CONSUMO (ALIMENTOS Y BEBIDAS) EN TERMINALES, PUERTOS Y AEROPUERTOS"
"A40401";"REGISTRO DE MONITOREO DE CALIDAD DEL AIRE, NIVELES AMBIENTALES DE RUIDO Y RADIACIONES IONIZANTES"
"A40402";"VERIFICACION DE LA APLICACION DE CORRECTIVOS EN CONTROL DE CALIDAD DEL AIRE NIVELES AMBIENTALES DE RUIDO Y RADIACIONES IONIZANTES EN AREAS PRIORIZADAS Y FOCALIZADAS"
"A40403";"RECOLECCION, ANALISIS Y NOTIFICACION DE EVENTOS BAJO VIGILANCIA INTENSIFICADA ASOCIADOS CON LA CALIDAD DEL AIRE, NIVELES DE RUIDO Y RADIACIONES IONIZANTES"
"A40404";"ELABORACION DE MAPAS DE RIESGO CON IDENTIFICACION DE AREAS DE ALTO RIESGO PARA LA OCURRENCIA DE EVENTOS DE SALUD ASOCIADOS CON LA CALIDAD DEL AIRE, NIVELES DE RUIDO Y RADIACIONES IONIZANTES"
"A40501";"CENSO ACTUALIZADO DE CANINOS, FELINOS"
"A40502";"DESARROLLO DEL PROGRAMA REGULAR DE VACUNACION EN ANIMALES"
"A40503";"CONTROL DE RESERVORIOS SILVESTRES (MURCIELAGOS HEMATOFAGOS) DE RABIA PARESIANTE"
"A40504";"FOMENTO DE PROGRAMAS DE DESRATIZACION"
"A40505";"RECOLECCION, ANALISIS Y NOTIFICACION DE EVENTOS DE SALUD ASOCIADOS CON ZOONOSIS"
"A40506";"ELABORACION DE MAPAS DE RIESGO CON MONITOREO Y CONTROL DE ZOONOSIS"
"A41001";"REGISTRO Y ANALISIS DE INDICES ENTOMOLOGICOS"
"A41002";"RECONOCIMIENTO GEOGRAFICO, CARACTERIZACION Y CONTROL DE CRIADEROS"
"A41003";"REGISTRO DEL CONTROL DE LARVAS O ADULTOS"
"A41004";"INVESTIGACION DE FOCOS"
"A41020";"ASISTENCIA TECNICA AL MUNICIPIO (IDENTIFICACION DE ESPECIES, ESTUDIOS DE COMPORTAMIENTO E INVESTIGACION DE FOCO, ORIENTACION HACIA LA INTERVENCION)"
"A41101";"FOCALIZACION DE LAS AREAS DE TRANSMISION DE LAS ENFERMEDADES TRANSMITIDAS POR VECTORES"
"A41102";"IDENTIFICACION Y CUANTIFICACION DE FACTORES DE RIESGOS PARA ENFERMEDADES TRANSMITIDAS POR VECTORES"
"A41103";"SELECCION DE LAS MEDIDAS MAS COSTO-EFECTIVAS SEGUN CARACTERIZACION DE CADA ESTRATO"
"A41104";"RECOLECCION, ANALISIS Y NOTIFICACION DE EVENTOS DE SALUD ASOCIADOS CON ENFERMEDADES TRANSMITIDAS POR VECTORES"
"A41105";"ELABORACION DE MAPAS DE RIESGO CON IDENTIFICACION DE AREAS DE TRANSMISION ACTIVAS, CRIADEROS DE VECTORES POTENCIALES Y POSITIVOS"
"A41201";"CONTROL SELECTIVO DE VECTORES EN MALARIA"
"A41202";"USO RACIONAL DE INSECTICIDAS"
"A51001";"ESTABLECIMIENTO DE LA ORGANIZACION DEL PROCESO DE PLANEACION, POR EL ENTE TERRITORIAL"
"A51002";"ORGANIZACION Y UNIFICACION DE CRITERIOS DEL PROCESO DE PLANEACION, EN EL ENTE TERRITORIAL"
"A51101";"REGISTRO DEL NUMERO DE ACTAS DE COORDINACION INTERSECTORIAL"
"A51102";"ACUERDOS SOCIALES SOBRE LOS PROBLEMAS PRIORITARIOS Y ALTERNATIVAS DE SOLUCION"
"A51201";"DEFINICION DE CRITERIOS DE DISTRIBUCION DE LOS RECURSOS FINANCIEROS DEL PLAN DE INTERVENCIONES COLECTIVAS MUNICIPAL O DISTRITAL"
"A51202";"ELABORACION DE PROYECTOS CONCERTADOS EN: PROMOCION DE LA SALUD, PREVENCION DE LA ENFERMEDAD, VIGILANCIA EN SALUD PUBLICA, SALUD AMBIENTAL Y GESTION EN SALUD PUBLICA."
"A51203";"CONCERTACION DE LOS PLANES DE PROMOCION Y PREVENCION CON LAS ENTIDADES ADMINISTRADORAS DE PLANES DE BENEFICIOS (EPS, ARS, ADAPTADAS ENTRE OTRAS) EXISTENTES EN LA LOCALIDAD"
"A51204";"DESARROLLO DE PROCESOS DE PARTICIPACION SOCIAL (CIUDADANA Y COMUNITARIA) EN LA GESTION DE SALUD PUBLICA"
"A51220";"DEFINICION DE CRITERIOS DE DISTRIBUCION DE LOS RECURSOS FINANCIEROS DEL PLAN DE INTERVENCIONES COLECTIVAS DEPARTAMENTAL"
"A51221";"ASISTENCIA TECNICA A LOS MUNICIPIOS O DISTRITOS, EN LA FORMULACION DEL PLAN DE INTERVENCIONES COLECTIVAS"
"A51240";"ASISTENCIA TECNICA A LOS DEPARTAMENTOS, EN LA FORMULACION DEL PLAN DE INTERVENCIONES COLECTIVAS"
"A51241";"ASISTENCIA TECNICA A LOS DEPARTAMENTOS, EN PROCESOS DE PARTICIPACION SOCIAL"
"A52001";"FORMULACION DEL PROYECTO DE ADECUACION EN RECURSOS FISICOS, TECNICOS Y TECNOLOGICOS"
"A53001";"CONFORMACION DEL EQUIPO INTERDISCIPLINARIO PARA LA GESTION DEL PLAN DE INTERVENCIONES COLECTIVAS MUNICIPAL O DISTRITAL"
"A53002";"DESARROLLO DE UNIDADES DE VIGILANCIA EN SALUD PUBLICA (SIVIGILA) MUNICIPALES O DISTRITALES"
"A53003";"DESARROLLO DEL CONCEJO MUNICIPAL DE ZOONOSIS"
"A53005";"FORTALECIMIENTO DEL EQUIPO DE CONTROL DE VECTORES DEL MUNICIPIO O DISTRITO"
"A53006";"FORMACION DE AGENTES MULTIPLICADORES INTERSECTORIALES PARA EL CONTROL DE FACTORES DE RIESGOS DEL AMBIENTE FISICOS, QUIMICOS, BIOLOGICOS Y DEL CONSUMO"
"A53020";"ASISTENCIA TECNICA A MUNICIPIOS O DISTRITOS, EN DESARROLLO ORGANIZACIONAL PARA LA GESTION EN SALUD PUBLICA"
"A53021";"CONFORMACION DEL EQUIPO INTERDISCIPLINARIO PARA LA GESTION DEL PLAN DE INTERVENCIONES COLECTIVAS DEPARTAMENTAL"
"A53022";"DESARROLLO DE UNIDADES DE VIGILANCIA EN SALUD PUBLICA (SIVIGILA) DEPARTAMENTALES"
"A53023";"ESTRUCTURACION Y DESARROLLO DE UNIDADES DE ENTOMOLOGIA DEPARTAMENTALES"
"A53024";"ORGANIZACION DEL EQUIPO DEPARTAMENTAL COORDINADOR DE CONTROL DE VECTORES"
"A53040";"ASISTENCIA TECNICA A DEPARTAMENTOS, EN DESARROLLO ORGANIZACIONAL PARA LA GESTION EN SALUD PUBLICA"
"A53101";"PROCESOS DE FORMACION Y ENTRENAMIENTO HACIA LA CAPACITACION PARA LA VIGILANCIA EN SALUD PUBLICA MUNICIPAL O DISTRITAL"
"A53102";"PROCESOS DE CONTRATACION DE RECURSO HUMANO SEGUN LINEAMIENTOS DEL PLAN DE INTERVENCIONES COLECTIVAS"
"A53120";"DESARROLLO DE PROGRAMAS DE CAPACITACION PERMANENTE AL EQUIPO DEPARTAMENTAL DE SALUD PUBLICA"
"A53140";"ASISTENCIA TECNICA EN EL PROCESO DE FORMACION O ACTUALIZACION EN DESARROLLO DE HABILIDADES GERENCIALES PARA PLAN DE INTERVENCIONES COLECTIVAS"
"A54001";"INSPECCION Y VIGILANCIA A LOS PROYECTOS CONCERTADOS EN: PROMOCION DE LA SALUD,PREVENCION DE LA ENFERMEDAD, VIGILANCIA EN SALUD PUBLICA, SALUD AMBIENTAL Y GESTION EN SALUD PUBLICA"
"A54002";"APOYO DEL LABORATORIO DE SALUD PUBLICA EN INSPECCION, VIGILANCIA Y CONTROL SANITARIO EN: REALIZACION, REFERENCIA Y CONTRAREFERENCIA, CONTROL DE CALIDAD DE EXAMENES DE LABORATORIO DE INTERES EN SALUD PUBLICA E INVESTIGACION EPIDEMIOLOGICA"
"A54003";"APOYO DEL LABORATORIO DE SALUD PUBLICA EN INSPECCION, VIGILANCIA Y CONTROL SANITARIO CON ASISTENCIA TECNICA A LA RED DE LABORATORIOS CLINICOS Y DE CITOHISTOPATOLOGIA DE SU JURISDICCION"
"A54101";"MONTAJE O CONTRATACION DE PROCESOS SISTEMATICOS DE MONITOREO, SEGUIMIENTO, VIGILANCIA Y CONTROL DE LOS RECURSOS E INTERVENCIONES DEL PLAN DE INTERVENCIONES COLECTIVAS MUNICIPAL O DISTRITAL"
"A54102";"INTERVENTORIA A CONVENIOS O CONTRATOS EJECUTADOS PARA EL PLAN DE INTERVENCIONES COLECTIVAS MUNICIPAL O DISTRITAL"
"A54103";"EJECUCION DEL CONTROL SOCIAL A TRAVES DE ESPACIOS DE PARTICIPACION SOCIAL"
"A54104";"COORDINACION CON LA RED DE ORGANISMOS CONTROLADORES"
"A54140";"ASISTENCIA TECNICA A LOS DEPARTAMENTOS, EN CONTROL Y SEGUIMIENTO EN SALUD PUBLICA"
"A55001";"CUMPLIMIENTO DEL INDICADOR DE GESTION PLAN DE INTERVENCIONES COLECTIVAS POR EL ENTE TERRITORIAL"
"A55040";"ASISTENCIA TECNICA A LOS DEPARTAMENTOS EN LA EVALUACION DE ACCIONES EN SALUD PUBLICA"
"A55101";"CUMPLIMIENTO DE METAS E INDICADORES EN PROMOCION DE LA SALUD"
"A55102";"CUMPLIMIENTO DE METAS E INDICADORES EN PREVENCION DE LA ENFERMEDAD"
"A55103";"CUMPLIMIENTO DE METAS E INDICADORES EN VIGILANCIA EN SALUD PUBLICA"
"A55104";"CUMPLIMIENTO DE METAS E INDICADORES EN LABORATORIO DE SALUD PUBLICA"
"A55105";"CUMPLIMIENTO DE METAS E INDICADORES EN SALUD AMBIENTAL (CALIDAD DEL AGUA PARA CONSUMO HUMANO, ALIMENTOS Y BEBIDAS)"
"A55106";"CUMPLIMIENTO DE METAS E INDICADORES EN SALUD AMBIENTAL (CALIDAD SANITARIA DE ESTABLECIMIENTOS PUBLICOS Y PUERTOS)"
"A55107";"CUMPLIMIENTO DE METAS E INDICADORES EN SALUD AMBIENTAL (ZOONOSIS)"
"A55108";"CUMPLIMIENTO DE METAS E INDICADORES EN SALUD AMBIENTAL (CONTROL DE VECTORES) (ETV)"
"ART87.";"RETIRO OTROS CATETERES"
"M21520";"DRENAJE PERCUTÁNEO DE ABSCESOS O COLECCIONES INTRAABDOMINALES (356)"
"S22105";"SALA DE PROCEDIMIENTOS BASICA DE 21 HASTA 30 UVR"
"S41201";"ESPECIALISARA EN ANESTESIOLOGÍA"
"S55114";"MATERIAL DE SUTURA Y CURACIÓN AGENTES Y GASES ANESTÉSICOS EN SALA DE PROCEDIMIENTOS ESPECIAL"
"T10001";"SONOMETRIA"
"T10002";"DOSIMETRIA DE RUIDO"
"T10003";"ESTUDIO DE ILUMINACION"
"T10004";"ESTUDIO DE TEMPERATURAS EXTREMAS Y CONFORT TERMICO CROMATICO"
"T10005";"ESTUDIO DE RADIACION IONIZANTE"
"T10006";"ESTUDIO DE RADIACION NO IONIZANTE"
"T10007";"ESTUDIO DE VIBRACION LOCALIZADA (MANO-BRAZO)"
"T10008";"ESTUDIO DE VIBRACION GLOBAL (CUERPO ENTERO)"
"T10201";"TECNICAS DE MUESTREO AMBIENTAL DE MICROORGANISMOS"
"T10202";"TECNICAS DE MUESTREO DE MICROORGANISMOS EN SUPERFICIES"
"T10203";"TECNICAS ANALITICAS"
"T10601";"IDENTIFICACION Y EVALUACION DE FACTORES DE RIESGO PSICOSOCIALES"
"T11001";"SELECCION, DOTACION, MANTENIMIENTO, REPOSICION DE ELEMENTOS DE PROTECCION PERSONAL PARA EL CONTROL DE FACTORES DE RIESGO FISICOS"
"T11002";"INTERVENCIONES EN LA FUENTE DESTINADAS A DISMINUIR EL RUIDO"
"T11003";"INTERVENCIONES EN EL MEDIO DESTINADAS A ATENUAR EL RUIDO"
"T11004";"INTERVENCIONES EN LA FUENTE DESTINADAS A ATENUAR LA VIBRACION"
"T11005";"INTERVENCIONES EN LA FUENTE DESTINADAS A DISMINUIR LA EXPOSICION DEL TRABAJADOR A RADIACIONES IONIZANTES"
"T11006";"INTERVENCIONES EN EL MEDIO DESTINADAS A DISMINUIR LA EXPOSICION DEL TRABAJADOR A RADIACIONES IONIZANTES"
"T11010";"INFORMACION, EDUCACION Y COMUNICACION EN CONTROL DE FACTORES RIESGO FISICOS"
"T11101";"SELECCION, DOTACION, MANTENIMIENTO, REPOSICION DE ELEMENTOS DE PROTECCION PERSONAL PARA LOS FACTORES DE RIESGO QUIMICOS"
"T11102";"SISTEMAS DE VENTILACION GENERAL"
"T11103";"SISTEMAS DE VENTILACION LOCAL EXHAUSTIVA"
"T11110";"INFORMACION, EDUCACION Y COMUNICACION EN CONTROL DE FACTORES RIESGO QUIMICOS"
"T11202";"TECNICAS DE LIMPIEZA Y DESINFECCION"
"T11210";"INFORMACION, EDUCACION Y COMUNICACION SOBRE NORMAS UNIVERSALES DE SEGURIDAD EN RIESGOS BIOLOGICOS"
"T11301";"DISEÑO ERGONOMICO DE PUESTOS DE TRABAJO, HERRAMIENTAS O DOTACION"
"T11310";"INFORMACION, EDUCACION Y COMUNICACION SOBRE ERGONOMIA"
"T11350";"CONTROL DE FACTORES DE RIESGO ERGONOMICOS"
"T11601";"CONTROL DE FACTORES DE RIESGO PSICOSOCIALES"
"T20501";"REGISTRO ACTUALIZADO DE AGENTES DE RIESGO POR UBICACION Y PRIORIDADES"
"T20503";"INSPECCION, REGISTRO, ANALISIS Y PRIORIZACION DE RIESGOS DE INCENDIO Y EXPLOSION"
"T20504";"INSPECCION, REGISTRO Y ANALISIS PERIODICO DE VULNERABILIDAD"
"T20510";"INVESTIGACION Y ANALISIS DE ACCIDENTES DE TRABAJO"
"T21501";"SEÑALIZACION Y DEMARCACION DE AREAS"
"T21502";"MANTENIMIENTO PREVENTIVO"
"T21503";"CONFORMACION Y ORGANIZACION DE BRIGADAS Y SIMULACROS"
"T21505";"DISEÑO Y EJECUCION DEL PROGRAMA DE ORDEN Y ASEO"
"T21506";"DISEÑO Y UTILIZACION DE DISPOSITIVOS DE PROTECCION Y GUARDAS EN MAQUINAS"
"T21550";"CONTROL DE FACTORES DE RIESGO DE SEGURIDAD"
"T30002";"SELECCION DE ELEMENTOS DE PROTECCION INDIVIDUAL DE ACUERDO CON LA IDENTIFICACION DE LOS PELIGROS"
"C378200";"IMPLANTE DE MARCAPASOS UNICAMERAL"
"C378300";"IMPLANTE DE MARCAPASOS BICAMERAL"
"C379401";"IMPLANTE DE MARCAPASOS TRICAMERAL - CARDIODESFIBRILADOR"
"C379402";"IMPLANTE DE RESINCRONIZADOR - CARDIODESFIBRILADOR"
"C399501";"HEMODIALISIS EN BASICOS (PAQUETE)"
"C511001";"CPRES SIN STEN BILIAR"
"C815101";"REENPLAZO ARTICULAR DE CADERA SIN PROTESIS"
"C896400";"INSERCION  DE CATETER SWAN GANZ"
"S551372";"REGISTRO DE PELICULA CINEANGIOGRAFIA ART 27 PAR2"
"319201-1";"SESION DILATACION DE LA TRAQUEA VIA ENDOSCOPICA (TARIFA PROPIA) (INCULUYE D. SALA - ANESTESIA - NO INCLUYE HONORARIOS DE ESPECIALISTA APROX 3-5 HRS DURACION PROCEDIMIENTO)"
"882840-1";"ECOGRAFIA DOPPLER COMO GUIA EN COLOCACION DE CATETERES"
"PAR1ART26";"HONORARIOS DEL ESPECIALISTA ARTICULO 23 PARAGRAFO 3"
"ART23_PRG3";"HONORARIOS DEL ESPECIALISTA ARTICULO 23 PARAGRAFO 3"
"378903";"EXTRACCION INSTRUMENTADA DE ELECTRODO DE ESTIMULACION (AURICULAR O VENTRICULAR)"
"380110";"TROMBOLISIS DE VASOS INTRACRANEALES, VIA ENDOVASCULAR"
"395010";"ANGIOPLASTIA CON BALON DE VASOS INTRACRANEALES"
