908114;TIROSINA, TEST CON RAIZ DE CABELLO
902211;HEMATOCRITO
901308;Leishmania, IDENTIFICACION POR PCR  &
901314;Mycobacterium, IDENTIFICACION POR PCR+
901316;Mycobacterium leprae, PRUEBA DE VIABILIDAD POR PCR
901401;Clostridium, TOXINA+
901402;INTRADERMOREACCION PARA COMPROBAR INMUNIDAD CONTRA BACTERIAS, HO
901403;PRUEBA DE MACHADO GUERREIRO [Tripanosoma cruzi] * +
901404;PRUEBA DE MANTOUX [TUBERCULINA] +
901405;PRUEBA DE MITSUDA [LEPROMINA] 
901406;PRUEBA DE MONTENEGRO [Leishmania] *+
901407;PRUEBA INTRADERMICA DE ALERGIAS CON ESCARIFICACION O PUNTURA (AE
901408;PRUEBA INTRADERMOREACCIAN DE ESPOROTRIQUINA 
902013;FACTOR INTR™NSECO, CUANTIFICACION
902040;RESISTENCIA A LA PROTEINA C [FACTOR DE LEIDEN] POR PCR
902117;METAHEMOGLOBINA, CUALITATIVA
903029;MICROALBUMINURIA POR TURBIDIMETRIA +
903115;ACIDO VANILMANDELICO [VMA] EN ORINA DE 24 H+
903413;APOLIPOPROTEINAS A1 POR TURBIDIMETRIA
903414;APOLIPOPROTEINAS B POR TURBIDIMETRIA
904003;RENINA
905207;CARBAMAZEPINA, SEMICUANTITATIVA POR INMUNOENSAYO O CROMATOGRAFIA
905211;FENITOINA LIBRE Y TOTAL, CUANTITATIVO POR CROMATOGRAFIA LIQUIDA
905212;FENITOINA LIBRE Y TOTAL, CUANTITATIVO POR NEFELOMETRIA +
905215;FENOBARBITAL, CUANTITATIVO POR NEFELOMETRIA
905216;FENOBARBITAL, SEMICUANTITATIVO POR INMUNOENSAYO O CROMATOGRAFIA
905402;AMIKACINA, CUANTITATIVA POR NEFELOMETRIA
905403;AMIKACINA, SEMICUANTITATIVA POR INMUNOENSAYO
905405;GENTAMICINA, SEMICUANTITATIVA POR INMUNOENSAYO
905408;PROCAINAMIDA POR INMUNOENSAYO
905411;VANCOMICINA, SEMICUANTITATIVA POR CROMATOGRAF™A DE CAPA FINA
905605;DIGOXINA, SEMICUANTITATIVA POR INMUNOENSAYO O CROMA-TOGRAF™A DE
906101;Actynomices, ANTICUERPOS +
906311;Coxsackie A, ANT™GENO POR PCR 
906313;Coxsackie B, ANT™GENO POR PCR 
906402;ACETILCOLINA RECEPTORES, ANTICUERPOS BLOQUEADORES
906403;ADN CADENA SENCILLA, ANTICUERPOS+
906439;MUSCULO LISO, ANTICUERPOS [ASMA] POR RIA +
906461;TIROIDEOS MICROSOMALES, ANTICUERPOS POR RIA
906505;HISTOCOMPATIBILIDAD, ANTIGENO DR, DQ [CLASE II] POR PCR-SSP
906804;CITOMEGALOVIRUS, CARGA VIRAL +
903006;CAROTENOS
906815;Hepatitis B, CARGA VIRAL +
906816;Hepatitis B, VIRUS DNA CUANTIFICACIAN 
906817;Hepatitis C, CARGA VIRAL +
906819;Hepatitis C, RNA DETECTOR 
906820;Herpes simplex I y II, DNA DETECTOR 
906821;Herpes simplex, CARGA VIRAL 
906909;CRIOGLOBULINAS +
908001;ACIDOS ORGANICOS [CADENA CORTA] POR CROMATOGRAFIA DE GASES
908002;ACIDO OROTICO
908101;AMINOACIDOS, CUALITATIVOS POR CROMATOGRAFIA EN ORINA
908102;AMINOACIDOS, CUALITATIVOS POR CROMATOGRAF™A EN SANGRE
908103;AMINOACIDOS POR CLORURO FERRICO
908104;AMINOACIDOS POR DINITROFENILHIDRACINA
908105;AMINOACIDOS POR NITROPRUSIATO
908106;AMINOACIDOS POR NITROSONAFTOL
908107;CISTINA, CUANTITATIVA EN ORINA O SANGRE
908108;CURVA DE TOLERANCIA A LA FENILALANINA
908109;FENILALANINA, CUANTITATIVA EN ORINA O SANGRE
908110;GLISINA, DETERMINACION EN ORINA O SANGRE
908111;LISINA, DETERMINACION EN ORINA O SANGRE
908112;PTERINAS, DETERMINACION EN ORINA O SANGRE
908113;TIROSINA, CUANTITATIVA EN ORINA O SANGRE
908201;AZUCARES POR CROMATOGRAFIA
908202;CARBOHIDRATOS [MONO Y DISACARIDOS] CUALITATIVO, EN ORINA
908203;CARBOHIDRATOS POR BENEDICT, SELLIWANOFF O GLUCOSA OXIDASA EN ORI
908204;FOSFORILASA
908205;GALACTOSA URIDIL TRANSFERASA
908206;GLUCOSA 6 FOSFATASA
908207;GLUCOSA 6 FOSFATASA TRANSPORTADOR
906840;VIH, CARGA VIRAL CUALQUIER TECNICA +
908208;GLUCOGENO, CURVA DE ESTIMULACION CON GLUCAGON [DETERMINACION DE
908307;PRUEBA DE SUCROSA
908401;ALFA 1 ANTITRIPSINA POR FENOTIPO
908501;ARILSULFATASA B, EN SUERO Y LEUCOCITOS
908502;ALFA 1 IDURONIDASA
908503;BETA GALACTOCIDASA, EN LEUCOCITOS Y SUERO
908504;GALACTOSA 6 SULFATO SULFATASA
908505;MUCOPOLISACARIDOS POR CROMATOGRAFIA
908506;MUCOPOLISACARIDOS POR ELECTROFORESIS
908507;MUCOPOLISACARIDOS [ALBUMINA ACIDA Y CLORURO DE CETIL PIRIDIO]
908607;HIPOXANTINA GUANINA FOSFORIBOSIL TRANSFERASA [HGPRT] EN RA™CES D
908701;ACIDOS GRASOS DE CADENA MUY LARGA, CUANTITATIVO
908702;ARILSULFATASA A, EN LEUCOCITOS
908703;ARILSULFATASA A, EN SUERO
908704;BETA GLUCORONIDASA, EN LEUCOCITOS
908705;HEXOSAMINIDASA A Y B EN LEUC OCITOS
908706;HEXOSAMINIDASA A Y B EN SUERO
908707;OLIGOSACARIDOS POR CROMATOGRAFIA EN ORINA
FSP;FROTIS DE SANGRE PERIFERICA
908334;ALFA GALACTOSIDASA ACTIVIDAD
901203;Brucella CULTIVO
902029;PLASMINOGENO
903003;BICARBONATO
904502;ANDROSTERONA EN ORINA
904503;ESTRADIOL
906037;Shiguella ANTICUERPOS Ig G SEMIAUTOMATIZADO O AUTOMATIZADO
906627;CROMOGRANINA A SEMIAUTOMATIZADO O AUTOMATIZADO
906766;MONOCITOS CD14
908829;PATERNIDAD O FILIACION PRUEBA
904112;PROCALCITONINA
M19275;GLUCOMETRIA
902051;COFACTOR DE RISTOCETINA [ACTIVIDAD DEL FACTOR VON WILLEBAND]
902064;COFACTOR DE RISTOCETINA PRE Y POST VASOPRESINA HASTA 6 MUESTRAS
902065;FACTOR DE VON WILLEBRAND PRE Y POST VASOPRESINA HASTA 6 MUESTRAS
902066;TROMBOELASTOGRAFIA
904903;HORMONA ESTIMULANTE DEL TIROIDES NEONATAL
906042;Streptococcus pneumoniae 23 SEROTIPOS ANTICUERPOS Ig G SEMIAUTOMATIZADO O AUTOMATIZADO
906043;Streptococcus pneumoniae 7 SEROTIPOS ANTICUERPOS Ig G SEMIAUTOMATIZADO O AUTOMATIZADO
906044;Streptococcus pneumoniae 6 SEROTIPOS ANTICUERPOS Ig G SEMIAUTOMATIZADO O AUTOMATIZADO
906427;ISOAGLUTININAS
906507;ANTIGENO LEUCOCITARIO HUMANO B27 SEMIAUTOMATIZADO
906508;ANTIGENO LEUCOCITARIO HUMANO B27 AUTOMATIZADO
906510;HLA CITOTOXICOS ANTICUERPOS AUTOMATIZADO
906511;LEUCOCITOS HLA DR SEMIAUTOMATIZADO O AUTOMATIZADO
906515;ANTI HLA CLASE I Y II (P.R.A) CUALITATIVO
906516;ANTI HLA CLASE I Y II (P.R.A) CUANTITATIVO
908830;FACTOR DE LEIDEN MUTACION
908831;HISTOCOMPATIBILIDAD ANTIGENO DR DQ CLASE II REACCION EN CADENA DE LA POLIMERASA-SSP
903825;CREATININA EN SUERO, ORINA U OTROS
902222;RECUENTO DE RETICULOCITOS, CONTADOR DE CELULAS +
906256;Helicobacter pylori ANTIGENO
906847;PROCALCITONINA MANUAL
903605;IONOGRAMA [CLORO SODIO POTASIO Y BICARBONATO O CALCIO]
905416;ITRACONAZOLE AUTOMATIZADO
903063;GLICOPROTEINA P
903064;HEMOPEXINA
905417;KETOCONAZOLE AUTOMATIZADO
559210;RENOPUNCION O PUNCION RENAL PERCUTANEA
905418;MICONAZOL AUTOMATIZADO
905501;CICLOSERINA SEMIAUTOMATIZADO
908332;HEXOSAMINIDASA A Y B ACTIVIDAD
908335;ALFA GLUCOSIDASA ACTIVIDAD
908333;OLIGOSACARIDOS CUALITATIVOS
908336;ALFA N ACETIL NEURAMINIDASA ACTIVIDAD
908337;RELACION LACTATO/PIRUVATO
908338;AMINOACIDOS CUANTITATIVOS
908339;GALACTOKINASA ACTIVIDAD
908340;CARBOHIDRATOS CUANTITATIVOS
908341;ACIDO SIALICO CUANTITATIVO
898001;ESTUDIO DE COLORACION BASICA EN CITOLOGIA VAGINAL TUMORAL O FUNCIONAL
898002;ESTUDIO DE COLORACION BASICA EN CITOLOGIA DE LIQUIDO CORPORAL O SECRECION
898003;ESTUDIO DE COLORACION BASICA EN CITOLOGIA POR ASPIRACION DE CUALQUIER TEJIDO U ORGANO [BACAF]
898004;ESTUDIO DE COLORACION BASICA DE ASPIRADO DE MEDULA OSEA (MIELOGRAMA)
898005;ESTUDIO DE COLORACION HISTOQUIMICA EN CITOLOGIA VAGINAL TUMORAL O FUNCIONAL
898006;ESTUDIO DE COLORACION HISTOQUIMICA EN CITOLOGIA DE LIQUIDO CORPORAL O SECRECION
898007;ESTUDIO DE COLORACION HISTOQUIMICA EN CITOLOGIA POR ASPIRACION DE CUALQUIER TEJIDO U ORGANO [BACAF]
898008;ESTUDIO DE COLORACION HISTOQUIMICA DE ASPIRADO DE MEDULA OSEA (MIELOGRAMA)
898010;ESTUDIO DE COLORACION INMUNOHISTOQUIMICA EN CITOLOGIA DE LIQUIDO CORPORAL O SECRECION
898011;ESTUDIO DE COLORACION INMUNOHISTOQUIMICA EN CITOLOGIA POR ASPIRACION DE CUALQUIER TEJIDO U ORGANO [BACAF]
898012;ESTUDIO DE COLORACION INMUNOHISTOQUIMICA DE ASPIRADO DE MEDULA OSEA (MIELOGRAMA)
898014;ESTUDIO DE COLORACION DE INMUNOFLUORESCENCIA EN CITOLOGIA DE LIQUIDO CORPORAL O SECRECION
898030;ESTUDIO DE BIOLOGIA MOLECULAR EN CITOLOGIA
898031;ESTUDIO DE CITOMETRIA DE FLUJO EN CITOLOGIA
898032;ESTUDIO DE MICROSCOPIA ELECTRONICA EN CITOLOGIA
898033;ESTUDIO DE RECEPTORES HORMONALES EN CITOLOGIA
898034;ESTUDIO DE COLORACION BASICA EN CITOLOGIA ANAL
898101;ESTUDIO DE COLORACION BASICA EN BIOPSIA
898102;ESTUDIO DE COLORACION HISTOQUIMICA EN BIOPSIA
898103;ESTUDIO DE COLORACION INMUNOHISTOQUIMICA EN BIOPSIA
898104;ESTUDIO DE COLORACION DE INMUNOFLUORESCENCIA EN BIOPSIA
898105;ESTUDIO DE BIOLOGIA MOLECULAR EN BIOPSIA
898106;ESTUDIO DE CITOMETRIA DE FLUJO EN BIOPSIA
898107;ESTUDIO DE MICROSCOPIA ELECTRONICA EN BIOPSIA
898110;ESTUDIO DE RECEPTORES HORMONALES EN BIOPSIA
898111;ESTUDIO DE CITOGENETICA EN BIOPSIA
898112;ESTUDIO DE ONCOGENES EN BIOPSIA
898203;ESTUDIO DE COLORACION INMUNOHISTOQUIMICA EN ESPECIMEN DE RECONOCIMIENTO
898204;ESTUDIO DE COLORACION INMUNOFLUORESCENCIA EN ESPECIMEN DE RECONOCIMIENTO
898205;ESTUDIO DE BIOLOGIA MOLECULAR EN ESPECIMEN DE RECONOCIMIENTO
898206;ESTUDIO DE CITOMETRIA DE FLUJO EN ESPECIMEN DE RECONOCIMIENTO
898207;ESTUDIO DE MICROSCOPIA ELECTRONICA EN ESPECIMEN DE RECONOCIMIENTO
898210;ESTUDIO DE RECEPTORES HORMONALES EN ESPECIMEN DE RECONOCIMIENTO
898222;ESTUDIO DE COLORACION HISTOQUIMICA EN ESPECIMEN CON MULTIPLE MUESTREO
898223;ESTUDIO DE COLORACION INMUNOHISTOQUIMICA EN ESPECIMEN CON MULTIPLE MUESTREO
898224;ESTUDIO DE COLORACION INMUNOFLUORESCENCIA EN ESPECIMEN CON MULTIPLE MUESTREO
898225;ESTUDIO DE BIOLOGIA MOLECULAR EN ESPECIMEN CON MULTIPLE MUESTREO
898226;ESTUDIO DE CITOMETRIA DE FLUJO EN ESPECIMEN CON MULTIPLE MUESTREO
898227;ESTUDIO DE MICROSCOPIA ELECTRONICA EN ESPECIMEN CON MULTIPLE MUESTREO
898230;ESTUDIO DE RECEPTORES HORMONALES EN ESPECIMEN CON MULTIPLE MUESTREO
898243;ESTUDIO DE COLORACION INMUNOHISTOQUIMICA EN ESPECIMEN CON RESECCION DE MARGENES
898244;ESTUDIO DE COLORACION INMUNOFLUORESCENCIA EN ESPECIMEN CON RESECCION DE MARGENES
898245;ESTUDIO DE BIOLOGIA MOLECULAR EN ESPECIMEN CON RESECCION DE MARGENES
898246;ESTUDIO DE CITOMETRIA DE FLUJO EN ESPECIMEN CON RESECCION DE MARGENES
898247;ESTUDIO DE MICROSCOPIA ELECTRONICA EN ESPECIMEN CON RESECCION DE MARGENES
898250;ESTUDIO DE RECEPTORES HORMONALES EN ESPECIMEN CON RESECCION DE MARGENES
898262;ESTUDIO DE COLORACION HISTOQUIMICA EN ESPECIMEN CON MAPEO
898264;ESTUDIO DE COLORACION INMUNOFLUORESCENCIA EN ESPECIMEN CON MAPEO
898265;ESTUDIO DE BIOLOGIA MOLECULAR EN ESPECIMEN CON MAPEO
898266;ESTUDIO DE CITOMETRIA DE FLUJO EN ESPECIMEN CON MAPEO
898267;ESTUDIO DE MICROSCOPIA ELECTRONICA EN ESPECIMEN CON MAPEO
898270;ESTUDIO DE RECEPTORES HORMONALES EN ESPECIMEN CON MAPEO
898301;AUTOPSIA [NECROPSIA] COMPLETA
898302;AUTOPSIA [NECROPSIA] PARCIAL (VISCEROTOMIA)
898303;ESTUDIOS ANATOMOPATOLOGICOS POST MORTEM DE ORGANOS O TEJIDOS
898304;ESTUDIOS ANATOMOPATOLOGICOS POST MORTEM DE FETO Y PLACENTA
898801;ESTUDIO POR CONGELACION
898805;VERIFICACION INTEGRAL SIN PREPARACION DE MATERIAL DE RUTINA
898806;VERIFICACION INTEGRAL CON PREPARACION DE MATERIAL DE RUTINA
898810;ESTUDIO MACROSCOPICO DE MATERIAL BIOLOGICO O NO BIOLOGICO
901001;ANTIBIOGRAMA (DISCO)
901002;ANTIBIOGRAMA CONCENTRACION MINIMA INHIBITORIA METODO AUTOMATIZADO
901003;ANTIBIOGRAMA CONCENTRACION MINIMA INHIBITORIA METODO MANUAL
901004;HONGOS PRUEBAS DE SENSIBILIDAD
901005;LEVADURAS PRUEBA DE SENSIBILIDAD POR DILUCION
901006;LEVADURAS PRUEBA DE SENSIBILIDAD POR E-TEST
901007;Mycobacterium PRUEBAS DE SENSIBILIDAD
901008;Neisseria gonorrhoeae PRUEBA DE SENSIBILIDAD
901009;DETECCION DE CARBAPENEMASAS (EDTA, TEST DE HODGE MODIFICADO, ACIDO BORONICO)
901101;BACILOSCOPIA COLORACION ACIDO ALCOHOL-RESISTENTE [ZIEHL-NEELSEN]
901102;COLORACION ACIDO ALCOHOL RESISTENTE MODIFICADA Y LECTURA
901103;COLORACION ALBERT [LOEFFLER] Y LECTURA
901104;COLORACION AZUL DE METILENO Y LECTURA PARA CUALQUIER MUESTRA
901105;COLORACION FLUORESCENTE NARANJA DE ACRIDINA Y LECTURA
901106;COLORACION GIEMSA Y LECTURA
901107;COLORACION GRAM Y LECTURA PARA CUALQUIER MUESTRA
901108;COLORACION ROMANOWSKY Y LECTURA
901109;COLORACION TINTA CHINA Y LECTURA
901110;COLORACION TRICROMICA MODIFICADA Y LECTURA
901111;BACILOSCOPIA COLORACION ACIDO ALCOHOL RESISTENTE [ZIELH-NEELSEN] LECTURA SERIADA TRES MUESTRAS
901201;Actinomyces CULTIVO
901202;Bordetella pertussis CULTIVO
901204;Clostridium botulinum CULTIVO
901205;Clostridium difficile CULTIVO
901206;COPROCULTIVO
901207;Corynebacterium difteriae CULTIVO
901208;Cryptococcus neoformans CULTIVO
901209;CULTIVO DE LIQUIDOS CORPORALES (BILIS L.C.R PERITONEAL PLEURAL ASCITICO SINOVIAL OTROS DIFERENTE A ORINA)
901210;CULTIVO ESPECIAL PARA OTROS MICROORGANISMOS EN CUALQUIER MUESTRA
901211;CULTIVO PARA HONGOS EN MEDULA OSEA
901212;CULTIVO PARA HONGOS MICOSIS PROFUNDA
901213;CULTIVO PARA HONGOS MICOSIS SUPERFICIAL
901214;CULTIVO PARA MICOBACTERIAS EN MEDULA OSEA
901215;CULTIVO PARA MICROORGANISMOS AEROBIOS EN MEDULA OSEA
901216;CULTIVO PARA MICROORGANISMOS ANAEROBIOS EN MEDULA OSEA
901217;CULTIVO PARA MICROORGANISMOS EN CUALQUIER MUESTRA DIFERENTE A MEDULA OSEA ORINA Y HECES
901218;CULTIVO PARA MICROORGANISMOS ANAEROBIOS DE CUALQUIER MUESTRA DIFERENTE A MEDULAOSEA
901219;CULTIVO PARA VIRUS
901220;Helicobacter pylori CULTIVO
901221;HEMOCULTIVO AEROBIO AUTOMATIZADO CADA MUESTRA
901222;HEMOCULTIVO AEROBIO MANUAL CADA MUESTRA
901223;HEMOCULTIVO ANAEROBIO AUTOMATIZADO CADA MUESTRA
901224;HEMOCULTIVO ANAEROBIO MANUAL CADA MUESTRA
901225;HEMOCULTIVO PARA HONGOS CADA MUESTRA
901226;HEMOCULTIVO LISIS CENTRIFUGACION
901227;HEMOCULTIVO CON RESINA CADA MUESTRA
901228;Legionella CULTIVO
901229;MICOBACTERIAS NO TUBERCULOSAS CULTIVO
901230;Mycobacterium tuberculosis CULTIVO
901231;Mycoplasma CULTIVO
901232;Neisseria gonorrhoeae CULTIVO
901233;Neisseria meningitidis CULTIVO
901234;Nocardia spp CULTIVO HONGOS
901235;UROCULTIVO (ANTIBIOGRAMA DE DISCO)
901236;UROCULTIVO (ANTIBIOGRAMA CONCENTRACION MINIMA INHIBITORIA AUTOMATIZADO)
901237;UROCULTIVO (ANTIBIOGRAMA CONCENTRACION MINIMA INHIBITORIA MANUAL)
901238;Yersinia enterocolItica CULTIVO
901239;Trichomona CULTIVO
901240;IDENTIFICACION DE CULTIVO AISLADO
901241;Campylobacter spp CULTIVO
901242;Corynebacterium difteriae PRUEBA DE TOXIGENICIDAD
901301;BETA LACTAMASA PRUEBA DE PENICILINASA
901302;Demodex EXAMEN DIRECTO
901303;Escherichia coli ENTEROPATOGENA EN MATERIA FECAL POR SEROTIPIFICACION
901304;EXAMEN DIRECTO FRESCO DE CUALQUIER MUESTRA
901305;EXAMEN DIRECTO PARA HONGOS (KOH)
901306;EXAMEN DIRECTO PARA HONGOS CON CALCOFLUOR
901307;HONGOS PRUEBA DE VIABILIDAD
901309;Leishmania ANTICUERPOS AUTOMATIZADO
901310;Leishmania TIPIFICACION POR SONDAS DE DNA
901311;Leptospira SEROTIPIFICACION
901312;Listeria SEROTIPIFICACION
901313;Mycobacterium IDENTIFICACION
901315;Mycobacterium leprae DETECCION DE GLICOLIPIDO FENOLICO AUTOMATIZADO
901317;Neisseria meningitidis SEROTIPIFICACION POR LATEX
901318;Sarcoptes EXAMEN DIRECTO
901319;Shiguella SEROTIPIFICACION
901320;Staphylococcus aureus SEROTIPIFICACION
901321;Streptococcus BETA HEMOLITICO GRUPO A (PRUEBA RAPIDA O DIRECTA)
901322;Streptococcus pneumoniae [Pneumococcus] SEROTIPIFICACION
901323;Mycobacterium leprae PRUEBA DE VIABILIDAD
901324;Filaria EXAMEN DIRECTO
901325;EXAMEN DIRECTO DE CUALQUIER MUESTRA
901326;Leishmania EXAMEN DIRECTO
901501;PRUEBA DE CONCENTRACION BACTERICIDA EN SUERO O LCR U OTROS
901502;Clostridium TOXINA
902001;ADHESIVIDAD PLAQUETARIA [SALZMAN]
902002;AGREGACION PLAQUETARIA CON RISTOCETINA 2 DILUCIONES [RIPA]
902003;AGREGACION PLAQUETARIA CURVA
902004;ANTICOAGULANTE LUPICO
902005;PRUEBA CONFIRMATORIA TIEMPO VENENO DE VIBORA DE RUSSELL
902006;ANTITROMBINA III CONCENTRACION AUTOMATIZADA
902007;ANTITROMBINA III FUNCIONAL AUTOMATIZADA
902008;ANTITROMBINA III CONCENTRACION MANUAL
902009;ANTITROMBINA III FUNCIONAL MANUAL
902010;DILUCIONES DE TIEMPO DE PROTROMBINA (TP CRUZADO O ANTICOAGULANTE CIRCULANTE)
902011;DILUCIONES DE TIEMPO DE TROMBOPLASTINA PARCIAL (TTP CRUZADO O ANTICOAGULANTE CIRCULANTE)
902012;FACTOR II DE LA COAGULACION CUANTIFICACION [PROTROMBINA]
902014;FACTOR IX DE LA COAGULACION [CHRISTMAS O PTC]
902015;FACTOR III PLAQUETARIO
902016;FACTOR V DE LA COAGULACION [LABIL O PROACELERINA]
902017;FACTOR VII DE LA COAGULACION [ESTABLE O PROCONVERTINA]
902018;FACTOR VIII DE LA COAGULACION
902019;FACTOR VON WILLEBRAND
902020;FACTOR X [STUART POWER]
902021;FACTOR XI [PTA]
902022;FACTOR XII [FACTOR DE HAGEMAN DE CONTACTO]
902107;FRAGILIDAD OSMOTICA DE ERITROCITOS
902023;FACTOR XIII [FSF FACTOR ESTABILIZANTE DE LA FIBRINA O TIEMPO DE LISIS COAGULO]
902024;FIBRINOGENO
902025;HEPARINA NO FRACCIONADA DOSIFICACION
902026;HEPARINA DE BAJO PESO MOLECULAR DOSIFICACION [ANTIFACTOR Xa]
902027;INHIBIDOR DEL ACTIVADOR DE PLASMINOGENO [PAI 1]
902028;PLASMINA [FIBRINOLISINA]
902030;PRECALICREINA
902031;PRODUCTOS DE DEGRADACION DE FIBRINOGENO
902032;PROPERDINA FACTOR B
902033;PROTEINA C DE LA COAGULACION ACTIVIDAD
902034;PROTEINA C DE LA COAGULACION
902035;PROTEINA S DE LA COAGULACION ACTIVIDAD
902036;PROTEINA S DE LA COAGULACION ANTIGENO TOTAL
902037;PROTEINA S DE LA COAGULACION ANTIGENO LIBRE
902038;PRUEBA DE PROTAMINA
902039;RESISTENCIA A LA PROTEINA C ACTIVADA (ASOCIADA A FACTOR V)
902041;RETRACCION DE COAGULO
902042;TIEMPO ACTIVADO DE COAGULACION
902043;TIEMPO DE COAGULACION
902044;EUGLOBULINA TIEMPO DE LISIS
902045;TIEMPO DE PROTROMBINA [TP]
902046;TIEMPO DE SANGRIA [IVY O DUKE]
902047;TIEMPO DE SANGRIA ESTANDARIZADO
902048;TIEMPO DE TROMBINA
902049;TIEMPO DE TROMBOPLASTINA PARCIAL [TTP]
902050;HEPARINA COFACTOR II
902052;CRIOFIBRINOGENO
902053;AGREGACION PLAQUETARIA CON RISTOCETINA 3 DILUCIONES
902054;INHIBIDOR DE TROMBOPLASTINA TISULAR
902055;INHIBIDOR DE FACTOR II
902056;INHIBIDOR DE FACTOR IX
902057;INHIBIDOR DE FACTOR V
902058;INHIBIDOR DE FACTOR VII
902059;INHIBIDOR DE FACTOR VIII
902060;INHIBIDOR DE FACTOR X
902061;INHIBIDOR DE FACTOR XI
902062;INHIBIDOR DE FACTOR XII
902063;PROTROMBINA FRAGMENTOS 1.2
902101;CELULAS L.E.
902102;CUERPOS DE HEINZ PRUEBA DIRECTA
902103;CUERPOS DE HEINZ PRUEBA INDUCIDA POR FENILHIDRAZINA
902104;DIMERO D AUTOMATIZADO
902105;DIMERO D MANUAL
902106;ERITROPOYETINA
902108;GLUCOSA 6 FOSFATO DESHIDROGENASA CUALITATIVA
902109;GLUCOSA 6 FOSFATO DESHIDROGENASA CUANTITATIVA
902110;HEMOGLOBINA A 2
902111;HEMOGLOBINA FETAL SEMIAUTOMATIZADA
902112;HEMOGLOBINA FETAL AUTOMATIZADA
902113;HEMOGLOBINA PLASMATICA
902114;HEMOGLOBINA MATERNA Y FETAL
902115;HEMOLISIS ACIDA [PRUEBA DE HAM]
902116;HIERRO MEDULAR
902118;METAHEMOGLOBINA CUANTITATIVA
902119;PRUEBA DE NEUTRALIZACION PLAQUETARIA
902120;PLASMINOGENO ACTIVADOR TISULAR
902121;PRUEBA DE CICLAJE [CELULAS FALCIFORMES O DREPANOCITOS]
902122;SULFOHEMOGLOBINA CUANTITATIVA
902123;VISCOCIDAD RELATIVA DEL SUERO
902204;ERITROSEDIMENTACION [VELOCIDAD SEDIMENTACION GLOBULAR - VSG] MANUAL
902205;ERITROSEDIMENTACION [VELOCIDAD SEDIMENTACION GLOBULAR - VSG] AUTOMATIZADA
902206;EXTENDIDO DE SANGRE PERIFERICA ESTUDIO DE MORFOLOGIA
902207;HEMOGRAMA I (HEMOGLOBINA HEMATOCRITO Y LEUCOGRAMA) MANUAL
902208;HEMOGRAMA II (HEMOGLOBINA HEMATOCRITO RECUENTO DE ERITROCITOS INDICES ERITROCITARIOS LEUCOGRAMA RECUENTO DE PLAQUETAS E INDICES PLAQUETARIOS) SEMIAUTOMATIZADO
902209;HEMOGRAMA III (HEMOGLOBINA HEMATOCRITO RECUENTO DE ERITROCITOS INDICES ERITROCITARIOS LEUCOGRAMA RECUENTO DE PLAQUETAS INDICES PLAQUETARIOS Y MORFOLOGIA ELECTRONICA) AUTOMATIZADO
902210;HEMOGRAMA IV (HEMOGLOBINA HEMATOCRITO RECUENTO DE ERITROCITOS INDICES ERITROCITARIOS LEUCOGRAMA RECUENTO DE PLAQUETAS INDICES PLAQUETARIOS Y MORFOLOGIA ELECTRONICA E HISTOGRAMA) AUTOMATIZADO
902212;HEMOCLASIFICACION GRUPO ABO Y FACTOR Rh +
902213;HEMOGLOBINA
902214;HEMOPARASITOS EXTENDIDO DE GOTA GRUESA
902215;HEMOPARASITOS EXTENDIDO DE SANGRE PERIFERICA
902216;LEUCOGRAMA (RECUENTO TOTAL Y DIFERENCIAL)
902217;PRUEBA DE TORNIQUETE [FRAGILIDAD CAPILAR]
902218;RECUENTO DE EOSINOFILO EN CUALQUIER MUESTRA
902219;EOSINOFILOS EN MOCO NASAL
902220;RECUENTO DE PLAQUETAS AUTOMATIZADO
902221;RECUENTO DE PLAQUETAS MANUAL
902223;RECUENTO DE RETICULOCITOS METODO MANUAL
902224;RECUENTO DE RETICULOCITOS AUTOMATIZADO
902225;TITULO ANTI D
902226;PRUEBA DE SUCROSA EN ERITROCITOS [TEST DE HARTMAN]
903001;ALFA 2 MACROGLOBULINA
903002;ALFA FETOPROTEINA [AFP] EN LIQUIDO AMNIOTICO
903004;CALCULO BILIAR ANALISIS FISICO-QUIMICO CUANTITATIVO
903005;CALCULO RENAL ANALISIS FISICO-QUIMICO CUANTITATIVO
903007;CATECOLAMINAS FRACCIONADAS O DIFERENCIADAS (ADRENALINA [EPINEFRINA] Y NORADRENALINA [NOREPINEFRINA]) EN ORINA DE 24 H
903062;MEDICION DE GASES EN SANGRE VENOSA
903008;CATECOLAMINAS FRACCIONADAS O DIFERENCIADAS (ADRENALINA [EPINEFRINA] Y NORADRENALINA [NOREPINEFRINA]) EN PLASMA
903009;CATECOLAMINAS TOTALES EN ORINA DE 24 H
903010;CATECOLAMINAS TOTALES EN PLASMA
903011;DEOXIPIRIDINOLINA
903012;DIOXIDO DE CARBON
903013;ESPERMOGRAMA COMPLETO
903014;ESTERASA PANCREATICA ENZIMA ALFA NAFTIL-BUTIRATO
903015;ESTERASA PANCREATICA ENZIMA ALFA NAFTIL-CLORACETATO
903016;FERRITINA
903017;FOSFATASA ALCALINA ISOENZIMA
903018;FOSFATASA ALCALINA TERMOESTABLE
903019;FRACCION EXCRETADA DE BICARBONATO
903020;HAPTOGLOBINA SEMIAUTOMATIZADA
903021;HAPTOGLOBINA AUTOMATIZADA
903022;HOMOCISTEINA
903023;HIDROXIPROLINA EN ORINA
903024;LACTOGENO PLACENTARIO
903025;METANEFRINAS TOTALES EN ORINA DE 24 HORAS
903026;MICROALBUMINURIA AUTOMATIZADA EN ORINA PARCIAL
903027;MICROALBUMINURIA AUTOMATIZADA EN ORINA DE 24 HORAS
903028;MICROALBUMINURIA SEMIAUTOMATIZADA
903030;MIOGLOBINA CARDIACA
903031;MIOGLOBINA EN ORINA O EN SUERO
903032;N-TELEPEPTIDO
903033;OSMOLARIDAD EN ORINA
903034;OSMOLARIDAD EN SUERO
903035;OSTEOCALCINA
903036;OXALATOS EN ORINA O EN SANGRE
903037;PIRIDINOLINA EN ORINA
903038;PORFIRINAS CUANTITATIVAS EN ORINA 24 HORAS
903039;PORFIRINAS TOTALES EN SANGRE
903040;PORFOBILINOGENO CUALITATIVO EN ORINA PARCIAL
903041;PORFOBILINOGENO CUANTITATIVO EN ORINA DE 24 HORAS
903042;PROTEINA TRANSPORTADORA DE HORMONAS SEXUALES [PTHS]
903043;PRUEBA DE ALIENTO [13 C UREA] PARA Helicobacter pilory
903044;SATURACION DE TRANSFERRINA
903045;TRANSFERRINA SEMIAUTOMATIZADA
903046;TRANSFERRINA AUTOMATIZADA
903047;TRIPSINA EN SUERO O EN MATERIA FECAL
903048;PROTEINA PLASMATICA ASOCIADA AL EMBARAZO [PAPPA-A]
903049;PROTEINA PLASMATICA ASOCIADA AL EMBARAZO [PAPPA-A] Y BETAGONADOTROPINA CORIONICA LIBRE [BHCG LIBRE] DOBLE MARCADOR
903050;ALFAFETOPROTEINA [AFP] BETAGONADOTROPINA CORIONICA LIBRE [BHCG LIBRE] Y ESTRIOL TRIPLE MARCADOR
903051;UROPORFIRINAS CUALITATIVAS
903052;CITRATOS EN ORINA DE 24 HORAS
903053;CITRATOS EN ORINA PARCIAL
903054;C-TELOPEPTIDO
903055;ESPERMATOZOIDES PEROXIDACION LIPIDICA
903056;PORFIRINAS CUANTITATIVAS EN ORINA PARCIAL
903057;PORFIRINAS DIFERENCIADAS EN SANGRE
903058;METANEFRINAS EN ORINA PARCIAL
903059;METANEFRINAS FRACCIONADAS EN ORINA DE 24 HORAS
903060;ANTIOXIDANTES TOTALES
903061;DELTA DE PCO2 EN ORINA
903065;PRO PEPTIDO ATRIAL NATRIURETICO [PRO-BNP] (PEPTIDO CEREBRAL NATRIURETICO)
903066;PEPTIDO ATRIAL NATRIURETICO [BNP] [PEPTIDO CEREBRAL NATRIURETICO]
903067;METANEFRINAS LIBRES EN PLASMA SEMIAUTOMATIZADO O AUTOMATIZADO
903068;METANEFRINAS FRACCIONADAS EN PLASMA SEMIAUTOMATIZADO O AUTOMATIZADO
903069;NORMETANEFRINAS EN PLASMA SEMIAUTOMATIZADO O AUTOMATIZADO
903101;ACIDOS BILIARES TOTALES
903102;ACIDO CITRICO EN ORINA DE 24 HORAS
903103;ACIDO 5 HIDROXI INDOLACETICO EN ORINA DE 24 HORAS
903104;ACIDO DELTA AMINOLEVULINICO [ALA] EN ORINA DE 24 HORAS
903105;ACIDO FOLICO [FOLATOS] EN SUERO
903106;ACIDO FOLICO EN ERITROCITOS
903107;ACIDO FORMICO EN ORINA
903108;ACIDO HOMOGENTESICO EN ORINA
903109;ACIDO HOMOVALINICO EN ORINA DE 24 HORAS
903110;ACIDO LACTICO [L-LACTATO] SEMIAUTOMATIZADO
903111;ACIDO LACTICO [L-LACTATO] AUTOMATIZADO
903112;ACIDO PIRUVICO [PIRUVATO]
903113;ACIDO VANILMANDELICO [VMA] EN ORINA DE 24 HORAS
903114;ACIDOS BILIARES FRACCIONADOS
903201;FENILALANINA POST, CURVA DE TOLERANCIA CON ESTIMULO BH-4
903202;FENILALANINA CUALITATIVA
903301;GALACTOSA
903302;CURVA DE LACTOSA
903303;ALMIDONES
903304;DISACARIDASA (LACTOSA SUCROSA MALTOSA Y PALATINASA)
903305;FRUCTOSA
903401;ADENOSIN DEAMINASA [ADA]
903402;ALDOLASA
903403;ALFA 1 ANTIQUIMIOTRIPSINA SEMIAUTOMATIZADA
903404;ALFA 1 ANTIQUIMIOTRIPSINA AUTOMATIZADA
903405;ALFA 1 ANTITRIPSINA SEMIAUTOMATIZADO
903406;ALFA 1 ANTITRIPSINA AUTOMATIZADA
903407;ALFA 1 GLICOPROTEINA ACIDA U OROMUCOIDE
903408;ALFA 2 ANTIPLASMINA CROMOGENICA
903409;APOLIPOPROTEINAS A1 SEMIAUTOMATIZADA
903410;APOLIPOPROTEINAS B SEMIAUTOMATIZADA
903411;APOLIPOPROTEINAS A1 AUTOMATIZADA
903412;APOLIPOPROTEINAS B AUTOMATIZADA
903415;BETA TROMBOGLOBULINA
903416;CERULOPLASMINA SEMIAUTOMATIZADA
903417;CERULOPLASMINA AUTOMATIZADA
903418;COLIGLICINA
903419;COLINESTERASA EN ERITROCITOS [ACETILCOLINESTERASA]
903420;COLINESTERASA SERICA
903421;COPROPORFIRINAS EN ORINA DE 24 HORAS
903422;COPROPORFIRINAS EN ORINA DE 24 HORAS AUTOMATIZADA
903423;D- XILOSA PRUEBA DE ABSORCION
903424;DESHIDROGENASA HIDROXIBUTIRICA
903425;FRUCTOSAMINA
903426;HEMOGLOBINA GLICOSILADA AUTOMATIZADA
903858;OSMOLARIDAD CALCULADA
903427;HEMOGLOBINA GLICOSILADA MANUAL O SEMIAUTOMATIZADA
903428;HEMOSIDERINA EN ORINA
903429;ISOCITRATO DESHIDROGENASA
903430;LEUCINA AMINOPEPTIDASA
903431;LIPOPROTEINA A
903432;NUCLEOTIDASA 5
903433;PROTOPORFIRINA ZINC ERITROCITARIA
903434;SEROTONINA-5 HIDROXI-TRIPTAMINA
903435;SEROTONINA-5 HIDROXI-TRIPTAMINA EN ORINA DE 24HORAS
903436;TROPONINA I CUALITATIVA
903437;TROPONINA I CUANTITATIVA
903438;TROPONINA T CUALITATIVA
903439;TROPONINA T CUANTITATIVA
903501;LIQUIDO AMNIOTICO CURVA ESPECTRAL O DE LILEY
903502;LIQUIDO AMNIOTICO INDICE DE MADUREZ FETAL PULMONAR (LECITINA-ESFINGOMIELINA O SULFACTANTE-ALBUMINA FOSFATIDIL GLICEROL RECUENTO DE CELULAS LAMELARES O ESPECTROFOTOMETRIA 650 nm)
903503;LIQUIDO PERICARDICO (EXAMEN FISICO Y CITOQUIMICO CON DENSIDAD Y PROTEINAS)
903504;LIQUIDO SINOVIAL (EXAMEN FISICO Y CITOQUIMICO CON RECUENTO Y MORFOLOGIA DE ERITROCITOS Y LEUCOCITOS GLUCOSA PROTEINAS FACTOR R.A. COMPLEMENTO TEST DE MUCINA Y ANALISIS CON LUZ POLARIZADA)
903505;LIQUIDO SINOVIAL CRISTALES
903506;OTROS LIQUIDOS (EXAMEN FISICO Y CITOQUIMICO CON RECUENTO Y MORFOLOGIA DE ERITROCITOS Y LEUCOCITOS GLUCOSA PROTEINAS)
903601;ALUMINIO EN ORINA DE 24 HORAS
903602;AMONIO
903603;CALCIO AUTOMATIZADO
903604;CALCIO IONICO
903606;ELECTROLITOS EN SUDOR [IONTOFORESIS]
903607;IONTOFORESIS POST ESTIMULACION CON PILOCARPINA
903608;ZINC
903609;ZINC EN ORINA DE 24 HORAS
903610;ALUMINIO EN ORINA PARCIAL
903611;ALUMINIO EN SUERO
903701;VITAMINA A [RETINOL]
903702;VITAMINA B1 [TIAMINA]
903703;VITAMINA B12 [CIANOCOBALAMINA]
903704;VITAMINA B2 [RIBOFLAVINA]
903705;VITAMINA B6 [PIRIDOXINA]
903706;VITAMINA D 25 HIDROXI TOTAL [D2-D3] [CALCIFEROL]
903707;VITAMINA D 125 DIHIDROXI [D2-D3] [CALCIFIDOL]
903708;VITAMINA E [TOCOFEROL]
903709;VITAMINA C [ACIDO ASCORBICO]
903711;VITAMINA K
903801;ACIDO URICO EN SUERO U OTROS FLUIDOS
903802;ACIDO URICO EN ORINA DE 24 HORAS
903803;ALBUMINA EN SUERO U OTROS FLUIDOS
903804;ALBUMINA EN ORINA DE 24 HORAS
903805;AMILASA EN SUERO U OTROS FLUIDOS
903806;AMILASA EN ORINA DE 24 HORAS
903807;ASPIRADO GASTRICO (EXAMEN FISICO Y CITOQUIMICO CON RECUENTO DE POLIMORFONUCLEARES)
903808;BALANCE NITROGENADO [INDICE CATABOLICO]
903809;BILIRRUBINAS TOTAL Y DIRECTA
903810;CALCIO SEMIAUTOMATIZADO
903811;CALCIO AUTOMATIZADO EN ORINA DE 24 HORAS
903812;CAPACIDAD DE COMBINACION DEL HIERRO
903813;CLORO
903814;CLORO EN ORINA DE 24 HORAS
903815;COLESTEROL DE ALTA DENSIDAD
903816;COLESTEROL DE BAJA DENSIDAD SEMIAUTOMATIZADO
903817;COLESTEROL DE BAJA DENSIDAD [LDL] AUTOMATIZADO
903818;COLESTEROL TOTAL
903819;CREATIN QUINASA (FRACCION MB) SEMIAUTOMATIZADA
903820;CREATIN QUINASA (FRACCION MB) AUTOMATIZADA
903821;CREATIN QUINASA TOTAL [CK-CPK]
903822;CREATINA
903823;CREATININA DEPURACION
903824;CREATININA EN ORINA DE 24 HORAS
903826;CUERPOS CETONICOS O CETONAS EN ORINA
903827;CUERPOS CETONICOS O CETONAS EN SANGRE
903828;DESHIDROGENASA LACTICA
903829;DESHIDROGENASA LACTICA ISOENZIMAS
903830;FOSFATASA ACIDA
903831;FOSFATASA ACIDA FRACCION PROSTATICA SEMIAUTOMATIZADA
903832;FOSFATASA ACIDA FRACCION PROSTATICA AUTOMATIZADA
903833;FOSFATASA ALCALINA
903834;FOSFATASA ALCALINA ESPECIFICA DE HUESO
903835;FOSFORO EN SUERO U OTROS FLUIDOS
903836;FOSFORO EN ORINA DE 24 HORAS
903837;FRACCION EXCRETADA DE SODIO
903838;GAMMA GLUTAMIL TRANSFERASA
903839;GASES ARTERIALES (EN REPOSO O EN EJERCICIO)
903840;GLUCOSA EN ORINA
903841;GLUCOSA EN SUERO U OTRO FLUIDO DIFERENTE A ORINA
903842;GLUCOSA PRE Y POST CARGA DE GLUCOSA
903843;GLUCOSA PRE Y POST PRANDIAL
903844;GLUCOSA CURVA DE TOLERANCIA
903845;GLUCOSA TEST O’ SULLIVAN
903846;HIERRO TOTAL
903847;LIPASA
903848;LIQUIDO AMNIOTICO (EXAMEN FISICO Y CITOQUIMICO: CELULAS ANARANJADAS TEST DE CLEMENS Y CREATININA)
903849;LIQUIDO ASCITICO (EXAMEN FISICO Y CITOQUIMICO)
903850;LIQUIDO CEFALORRAQUIDEO (LCR EXAMEN FISICO Y CITOQUIMICO CON GLUCOSA PROTEINAS MORFOLOGIA DE ERITROCITOS Y DIFERENCIAL DE LEUCOCITOS)
903851;LIQUIDO PERITONEAL (EXAMEN FISICO Y CITOQUIMICO CON DETECCION DE ERITROCITOS RECUENTO Y MORFOLOGIA DE LEUCOCITOS GLUCOSA PROTEINAS Y AMILASA)
903852;LIQUIDO PLEURAL (EXAMEN FISICO Y CITOQUIMICO CON RECUENTO Y MORFOLOGIA DE LEUCOCITOS GLUCOSA Y DESHIDROGENASA LACTICA)
903853;LIQUIDO SINOVIAL (EXAMEN FISICO Y CITOQUIMICO CON RECUENTO Y MORFOLOGIA DE ERITROCITOS Y LEUCOCITOS GLUCOSA PROTEINAS Y TEST DE MUCINA)
903854;MAGNESIO EN SUERO U OTROS FLUIDOS
903855;MAGNESIO EN ORINA DE 24 HORAS
903856;NITROGENO UREICO
903857;NITROGENO UREICO EN ORINA DE 24 HORAS
903859;POTASIO EN SUERO U OTROS FLUIDOS
903860;POTASIO EN ORINA DE 24 HORAS
903861;PROTEINAS DIFERENCIADAS [ALBUMINA-GLOBULINA]
903862;PROTEINAS EN ORINA DE 24 HORAS
903863;PROTEINAS TOTALES EN SUERO Y OTROS FLUIDOS
903864;SODIO EN SUERO U OTROS FLUIDOS
903865;SODIO EN ORINA DE 24 HORAS
903866;TRANSAMINASA GLUTAMICO-PIRUVICA [ALANINO AMINO TRANSFERASA]
903867;TRANSAMINASA GLUTAMICO OXALACETICA [ASPARTATO AMINO TRANSFERASA]
903868;TRIGLICERIDOS
903869;UREA EN SANGRE U OTROS FLUIDOS
903870;UREA EN ORINA DE 24 HORAS
903871;AMILASA EN ORINA PARCIAL
903872;SODIO EN ORINA PARCIAL
903873;CALCIO EN ORINA PARCIAL
903874;PROTEINAS TOTALES EN ORINA PARCIAL
903875;FOSFORO EN ORINA PARCIAL
903876;CREATININA EN ORINA PARCIAL
903877;ACIDO URICO EN ORINA PARCIAL
903878;POTASIO EN ORINA PARCIAL
903879;MAGNESIO EN ORINA PARCIAL
903880;CLORO EN ORINA PARCIAL
903881;CREATINA EN ORINA DE 24 HORAS
903882;PRUEBA DE RIFAMPICINA (4 MUESTRAS)
903883;GLUCOSA SEMIAUTOMATIZADA [GLUCOMETRIA]
903884;TEST DE O'SULLIVAN CONFIRMATORIO (CUATRO MUESTRAS)
903885;PRUEBA DE TOLERANCIA A LA GLUCOSA POR 3 HORAS (6 MUESTRAS: 0 30 60 90 120 Y 180 MINUTOS)
903886;PRUEBA DE TOLERANCIA A LA GLUCOSA POR 2 HORAS (3 MUESTRAS: 0 60 Y 120 MINUTOS)
903887;PRUEBA DE TOLERANCIA A LA GLUCOSA POR 2 HORAS (4 MUESTRAS: 0 30 60 Y 120 MINUTOS)
903888;PRUEBA DE TOLERANCIA A LA GLUCOSA POR 2 HORAS (5 MUESTRAS: 0 30 60 90 Y 120 MINUTOS)
903889;PRUEBA DE TOLERANCIA A LA GLUCOSA POR 3 HORAS (5 MUESTRAS: 0 30 60 120 Y 180 MINUTOS)
903890;PRUEBA DE TOLERANCIA A LA GLUCOSA POR 4 HORAS (6 MUESTRAS: 0 30 60 120 180 Y 240 MINUTOS)
903891;PRUEBA DE TOLERANCIA A LA GLUCOSA POR 4 HORAS (7 MUESTRAS: 0 30 60 90 120 180 Y 240 MINUTOS)
903892;PRUEBA DE TOLERANCIA A LA GLUCOSA POR 5 HORAS (7 MUESTRAS: 0 30 60 120 180 240 Y 300 MINUTOS)
903893;PRUEBA DE TOLERANCIA A LA GLUCOSA POR 5 HORAS (8 MUESTRAS: 0 30 60 90 120 180 240 Y 300 MINUTOS)
903894;PRUEBA DE TOLERANCIA A LA GLUCOSA POR 6 HORAS (8 MUESTRAS: 0 30 60 120 180 240 300 Y 360)
903895;CREATININA EN SUERO U OTROS FLUIDOS
904001;ANGIOTENSINA II
904002;ENZIMA CONVERTIDORA DE ANGIOTENSINA
904004;RENINA TOTAL
904005;RENINA ACTIVIDAD PLASMATICA
904006;LEPTINA
904101;SOMATOMEDINA C [FACTOR I DE CRECIMIENTO SIMILAR A LA INSULINA O IGF-1]
904102;HORMONA ANTIDIURETICA
904103;HORMONA ADRENOCORTICOTROPICA
904104;HORMONA DE CRECIMIENTO [SOMATOTROPICA]
904105;HORMONA FOLICULO ESTIMULANTE
904106;HORMONA FOLICULO ESTIMULANTE Y HORMONA LUTEINIZANTE PRE Y POST HORMONA LIBERADORA DE GONADOTROPINA CADA MUESTRA
904107;HORMONA LUTEINIZANTE
904108;PROLACTINA
904109;PROLACTINA (MEZCLA DE TRES MUESTRAS)
904111;HORMONA ADRENOCORTICOTROPICA PRE Y POST CADA MUESTRA
904201;HORMONA DE CRECIMIENTO [SOMATOTROPICA] PRE Y POST ESTIMULACION CADA MUESTRA
904202;HORMONA DEL CRECIMIENTO [SOMATOTROPICA] PRE Y POST EJERCICIO CADA MUESTRA
904203;HORMONA FOLICULO ESTIMULANTE Y HORMONA LUTEINIZANTE PRE Y POST OTRO ESTIMULO CADA MUESTRA
904204;PROLACTINA PRE Y POST ESTIMULACION
904205;HORMONA DEL CRECIMIENTO [SOMATOTROPICA] PRE Y POST ESTIMULO CLONIDINA CADA MUESTRA
904206;HORMONA DEL CRECIMIENTO [SOMATOTROPICA] PRE Y POST ESTIMULO GLUCAGON CADA MUESTRA
904207;HORMONA DEL CRECIMIENTO [SOMATOTROPICA] PRE Y POST ESTIMULO GLUCOSA CADA MUESTRA
904208;HORMONA DEL CRECIMIENTO [SOMATOTROPICA] PRE Y POST ESTIMULO INSULINA CADA MUESTRA
904210;PROLACTINA PRE Y POST TRH CADA MUESTRA
904301;CORTISOL PRE Y POST ESTIMULACION 2 MUESTRAS
904302;CORTISOL PRE Y POSTSUPRESION CON DEXAMETASONA
904303;CORTISOL Y GLUCOSA PRE Y POST INSULINA HASTA 4 MUESTRAS
904401;ESTRADIOL PRE Y POST GONADOTROPINA CORIONICA CADA MUESTRA
904402;HIDROXIPROGESTERONA 17 ALFA PRE Y POST HORMONA ADRENOCORTICOTROPICA CADA MUESTRA
904501;ANDROSTENEDIONA
904504;ESTRIOL
904505;ESTRIOL LIBRE
904506;ESTROGENOS (ESTRADIOL 17 BETA)
904507;ESTRONA SEMIAUTOMATIZADO O AUTOMATIZADO
904508;GONADOTROPINA CORIONICA SUBUNIDAD BETA CUALITATIVA PRUEBA DE EMBARAZO EN ORINA O SUERO
904509;HIDROXIPROGESTERONA 17 ALFA
904510;PROGESTERONA
904511;HORMONA ANTIMULLERIANA
904601;TESTOSTERONA LIBRE
904602;TESTOSTERONA TOTAL
904603;TESTOSTERONA TOTAL PRE Y POST HORMONA ADRENOCORTICOTROPICA CADA MUESTRA
904604;ACROSINA ACTIVIDAD TOTAL (PRUEBA DE CAPACIDAD FECUNDANTE)
904701;GLUCAGON
904702;INSULINA PRE Y POST GLUCOSA
904703;INSULINA CURVA (CINCO MUESTRAS)
904705;INSULINA LIBRE
904706;PEPTIDO C
904707;PROINSULINA
904708;SOMATOSTATINA
904709;ADIPONECTINA
904710;PROTEINA TRANSPORTADORA DE LA SOMATOMEDINA C
904711;INSULINA CURVA DE 2 HORAS (3 MUESTRAS: 0 60 Y 120 MINUTOS)
904712;INSULINA CURVA DE 2 HORAS (4 MUESTRAS: 0 30 60 Y 120 MINUTOS)
904713;INSULINA CURVA DE 3 HORAS (6 MUESTRAS: 0 30 60 90 120 Y 180 MINUTOS)
904714;INSULINA CURVA DE 4 HORAS (6 MUESTRAS: 0 30 60 120 180 Y 240 MINUTOS)
904715;INSULINA CURVA DE 4 HORAS (7 MUESTRAS: 0 30 60 90 120 180 Y 240 MINUTOS)
904716;INSULINA CURVA DE 5 HORAS (7 MUESTRAS: 0 30 60 120 180 240 Y 300 MINUTOS)
904717;INSULINA CURVA DE 5 HORAS (8 MUESTRAS: 0 30 60 90 120 180 240 Y 300 MINUTOS)
904718;INSULINA CURVA DE 6 HORAS (8 MUESTRAS: 0 30 60 120 180 240 300 Y 360)
904719;PEPTIDO C PRE Y POST GLUCAGON
904801;ALDOSTERONA
904802;ALDOSTERONA EN ORINA
904803;ANDROSTENEDIOL GLUCURONIDO 3 ALFA
904804;CETOESTEROIDES 17
904805;CORTISOL DIFERENTES MUESTRAS
904806;CORTISOL (DOS MUESTRAS AM-PM)
904807;CORTISOL LIBRE EN ORINA DE 24 HORAS
904808;DEHIDROEPINANDROSTERONA
904809;DEHIDROEPINANDROSTERONA SULFATO [EPINANDROSTERONA - DHEA-SO4] CADA MUESTRA
904810;DEOXICORTISOL 11
904811;HIDROXICORTICOSTEROIDES 17
904812;CORTISOL AM
904813;CORTISOL PM
904814;HIDROXICORTICOESTEROIDES EN ORINA PARCIAL
904901;GLOBULINA TRANSPORTADORA DE TIROXINA
904902;HORMONA ESTIMULANTE DEL TIROIDES
904904;HORMONA ESTIMULANTE DEL TIROIDES ULTRASENSIBLE
904905;HORMONA ESTIMULANTE DEL TIROIDES PRE Y POST ESTIMULACION
904906;HORMONA ESTIMULANTE DEL TIROIDES PRE Y POST ESTIMULACION ULTRASENSIBLE
904907;HORMONA ESTIMULANTE DEL TIROIDES PRE Y POST HORMONA LIBERADORA DE TIROTROPINA 1 HORA TRES MUESTRAS
904908;HORMONA ESTIMULANTE DEL TIROIDES PRE Y POST HORMONA LIBERADORA DE TIROTROPINA 2 HORAS CUATRO MUESTRAS
904909;HORMONA ESTIMULANTE DEL TIROIDES PRE Y POST DOS MUESTRAS ULTRASENSIBLE
904910;HORMONA ESTIMULANTE DEL TIROIDES PRE Y POST HORMONA LIBERADORA DE TIROTROPINA 1 HORA TRES MUESTRAS ULTRASENSIBLE
904911;HORMONA PARATIROIDEA C TERMINAL
904912;HORMONA PARATIROIDEA MOLECULA INTACTA
904913;HORMONA PARATIROIDEA MOLECULA MEDIA
904914;HORMONA PARATIROIDEA N TERMINAL
904915;HORMONA ESTIMULANTE DEL TIROIDES PRE Y POST HORMONA LIBERADORA DE TIROTROPINA 2 HORAS CUATRO MUESTRAS ULTRASENSIBLE
904920;TIROGLOBULINA
904921;TIROXINA LIBRE
904922;TIROXINA TOTAL
904923;TRIYODOTIRONINA (CAPTACION)
904924;TRIYODOTIRONINA LIBRE
904925;TRIYODOTIRONINA TOTAL
904926;TIROXINA NORMALIZADA
904927;TRIYODOTIRONINA REVERSA
905001;LIDOCAINA [MONOETILGLICINEXILIDIDA-MEGX] EN SUERO SEMIAUTOMATIZADO O AUTOMATIZADO
905002;LIDOCAINA [MONOETILGLICINEXILIDIDA-MEGX] EN ORINA SEMIAUTOMATIZADO O AUTOMATIZADO
905003;PROCAINAMIDA METABOLITOS N-ACETIL PROCAINAMIDA SEMIAUTOMATIZADO O AUTOMATIZADO
905101;CUMARINICOS
905102;WARFARINA CUALITATIVA SEMIAUTOMATIZADA O AUTOMATIZADA
905103;WARFARINA CUANTITATIVA SEMIAUTOMATIZADA O AUTOMATIZADA
905201;ACIDO VALPROICO AUTOMATIZADO
905202;ACIDO VALPROICO LIBRE AUTOMATIZADO
905203;BARBITURICOS CUANTITATIVO SEMIAUTOMATIZADO O AUTOMATIZADO
905204;BARBITURICOS SEMICUANTITATIVO MANUAL O SEMIAUTOMATIZADO
905205;CARBAMAZEPINA CUANTITATIVA SEMIAUTOMATIZADA
905206;CARBAMAZEPINA CUANTITATIVA AUTOMATIZADA
905208;ETOSUXIMIDA CUANTITATIVA AUTOMATIZADA
906756;PLASMOBLASTOS CD38: CD19 IgD CD38 SEMIAUTOMATIZADO O AUTOMATIZADO
905209;ETOSUXIMIDA CUANTITATIVA SEMIAUTOMATIZADA
905210;FENITOINA LIBRE AUTOMATIZADA
905213;FENITOINA TOTAL AUTOMATIZADA
905214;FENOBARBITAL NIVELES SERICOS AUTOMATIZADO
905301;ANFETAMINAS Y METANFETAMINAS CUANTITATIVAS AUTOMATIZADO
905302;ANFETAMINAS Y METANFETAMINAS SEMICUANTITATIVA MANUAL O SEMIAUTOMATIZADO
905303;ANTIDEPRESIVOS TRICICLICOS CUANTITATIVO AUTOMATIZADO
905304;ANTIDEPRESIVOS TRICICLICOS SEMICUANTITATIVO MANUAL O SEMIAUTOMATIZADO
905305;BENZODIACEPINAS CUANTITATIVAS AUTOMATIZADO
905306;BENZODIACEPINAS SEMICUANTITATIVO MANUAL O SEMIAUTOMATIZADO
905307;CLORPROMAZINA
905308;FENCICLIDINA
905309;FENOTIAZINAS AUTOMATIZADO
905310;FENOTIAZINAS MANUAL O SEMIAUTOMATIZADO
905311;FLUOXETINA Y NORFLUOXETINA MANUAL O SEMIAUTOMATIZADO
905312;LITIO AUTOMATIZADO
905313;LITIO SEMIAUTOMATIZADO
905401;AMIKACINA AUTOMATIZADO
905404;GENTAMICINA AUTOMATIZADA
905406;KANAMICINA AUTOMATIZADO
905407;NETILMICINA AUTOMATIZADO
905409;TOBRAMICINA AUTOMATIZADO
905410;VANCOMICINA AUTOMATIZADO
905412;ANFOTERICINA B AUTOMATIZADO
905413;ACIDO NALIDIXICO AUTOMATIZADO
905414;CIPROFLOXACINA AUTOMATIZADO
905415;FLUCONAZOLE AUTOMATIZADO
905502;CICLOSPORINA A O METABOLITOS SEMIAUTOMATIZADO O AUTOMATIZADO
905503;TACROLIMUS SEMIAUTOMATIZADO O AUTOMATIZADO
905504;METOTREXATO SEMIAUTOMATIZADO O AUTOMATIZADO
905505;EVEROLIMUS SEMIAUTOMATIZADO O AUTOMATIZADO
905601;DIGITOXINA AUTOMATIZADO
905602;DIGITOXINA SEMIAUTOMATIZADO
905603;DIGOXINA AUTOMATIZADO
905604;DIGOXINA SEMIAUTOMATIZADO
905606;NITROPRUSIATO DE SODIO
905607;TEOFILINA SEMIAUTOMATIZADO
905608;TEOFILINA AUTOMATIZADO
905701;ACETAMINOFEN AUTOMATIZADO
905702;ACETAMINOFEN SEMIAUTOMATIZADO
905703;ALCALOIDES AUTOMATIZADO
905704;ALCALOIDES SEMIAUTOMATIZADO
905705;ALCOHOL ETILICO AUTOMATIZADO
905706;ALCOHOL ETILICO SEMIAUTOMATIZADO
905707;ALCOHOL METILICO [FORMALDEHIDO] MANUAL
905708;ALCOHOL METILICO [FORMALDEHIDO] SEMIAUTOMATIZADO O AUTOMATIZADO
905709;ARSENICO SEMIAUTOMATIZADO
905710;ATROPINICOS AUTOMATIZADO
905711;ATROPINICOS SEMIAUTOMATIZADO
905712;BIPIRIDILO SEMIAUTOMATIZADO
905713;BIPIRIDILO AUTOMATIZADO
905714;CAFEINA AUTOMATIZADO
905715;CAFEINA SEMIAUTOMATIZADO
905716;CANNABINOIDES AUTOMATIZADO
905717;CANNABINOIDES MANUAL O SEMIAUTOMATIZADO
905718;CARBAMATOS O METABOLITOS AUTOMATIZADO
905719;CARBAMATOS O METABOLITOS SEMIAUTOMATIZADO
905720;CIANUROS SEMIAUTOMATIZADO
905721;CIANUROS AUTOMATIZADO
905722;HIDROCARBUROS AUTOMATIZADO
905723;HIDROCARBUROS SEMIAUTOMATIZADO
905724;COCAINA O METABOLITOS MANUAL
905725;COCAINA O METABOLITOS SEMIAUTOMATIZADO
905726;COCAINA O METABOLITOS AUTOMATIZADO
905727;DROGAS DE ABUSO
905728;ESTRICNINA SEMIAUTOMATIZADO
905729;ESTRICNINA AUTOMATIZADO
905730;MERCURIO SEMIAUTOMATIZADO
905731;MERCURIO AUTOMATIZADO
905732;METACUALONA SEMIAUTOMATIZADO O AUTOMATIZADO
905733;METACUALONA MANUAL
905734;METADONA SEMIAUTOMATIZADO O AUTOMATIZADO
905735;METADONA MANUAL
905736;METALES PESADOS CADA UNO SEMIAUTOMATIZADO
905737;MONOXIDO DE CARBONO [CARBOXIHEMOGLOBINA] SEMIAUTOMATIZADO
905738;MONOXIDO DE CARBONO [CARBOXIHEMOGLOBINA] AUTOMATIZADO
905739;OPIACEOS SEMIAUTOMATIZADO O AUTOMATIZADO
905740;OPIACEOS MANUAL
905741;ORGANOCLORADOS SEMIAUTOMATIZADO
905742;ORGANOFOSFORADOS SEMIAUTOMATIZADO
905743;ORGANOFOSFORADOS MANUAL
905744;PARANITROFENOL SEMIAUTOMATIZADO
905745;PIRETRINAS MANUAL
905746;PIRETRINAS SEMIAUTOMATIZADO
905747;PIRETROIDES SEMIAUTOMATIZADO
905748;PIRETROIDES MANUAL
905749;PRIMIDONA SEMIAUTOMATIZADO O AUTOMATIZADO
905750;PRIMIDONA MANUAL
905751;PROPOXIFENO AUTOMATIZADO
905752;PROPOXIFENO MANUAL O SEMIAUTOMATIZADO
905753;QUININA SEMIAUTOMATIZADO
905754;RODENTICIDAS ANTICOAGULANTES
905755;SALICILATOS AUTOMATIZADO
905756;SALICILATOS SEMIAUTOMATIZADO
905757;SOLVENTES O METABOLITOS SEMIAUTOMATIZADO
905758;SOLVENTES O METABOLITOS AUTOMATIZADO
905759;SUSTANCIAS ALUCINOGENAS
905760;TALIO SEMIAUTOMATIZADO
905761;FENOL SEMIAUTOMATIZADO
905762;ACIDO HIPURICO SEMIAUTOMATIZADO
905801;NIVEL DE SUSTANCIA TERAPEUTICA (ESPECIFICA)
906001;ANTIESTREPTOLISINA AUTOMATIZADO
906002;ANTIESTREPTOLISINA MANUAL
906003;Bordetella pertussi ANTICUERPOS Ig A SEMIAUTOMATIZADO O AUTOMATIZADO
906004;Bordetella pertussi ANTICUERPOS Ig G SEMIAUTOMATIZADO
906005;Bordetella pertussi ANTICUERPOS Ig G AUTOMATIZADO
906006;Bordetella pertussi ANTICUERPOS Ig M SEMIAUTOMATIZADO
906007;Bordetella pertussi ANTICUERPOS Ig M AUTOMATIZADO
906008;Borrelia burgdorferi ANTICUERPOS Ig G SEMIAUTOMATIZADO O AUTOMATIZADO
906009;Borrelia burgdorferi ANTICUERPOS Ig M SEMIAUTOMATIZADO O AUTOMATIZADO
906010;Brucella abortus ANTICUERPOS Ig G SEMIAUTOMATIZADA O AUTOMATIZADA
906011;Brucella abortus ANTICUERPOS Ig M SEMIAUTOMATIZADA O AUTOMATIZADO
906012;Brucella spp ANTICUERPOS SEMIAUTOMATIZADO
906013;Brucella spp ANTICUERPOS MANUAL
906014;Campylobacter jejuni ANTICUERPOS Ig G SEMIAUTOMATIZADO O AUTOMATIZADO
906015;Campylobacter jejuni ANTICUERPOS Ig M SEMIAUTOMATIZADO O AUTOMATIZADO
906016;Chlamydia pneumoniae ANTICUERPOS SEMIAUTOMATIZADO O AUTOMATIZADO
906017;Chlamydia psittaci ANTICUERPOS Ig M SEMIAUTOMATIZADO O AUTOMATIZADO
906018;Chlamydia trachomatis ANTICUERPOS Ig A SEMIAUTOMATIZADO O AUTOMATIZADO
906019;Chlamydia trachomatis ANTICUERPOS Ig G SEMIAUTOMATIZADO O AUTOMATIZADO
906020;Chlamydia trachomatis ANTICUERPOS Ig M SEMIAUTOMATIZADO O AUTOMATIZADO
906021;Chlamydia trachomatis ANTICUERPOS TOTALES SEMIAUTOMATIZADO O AUTOMATIZADO
906022;Helicobacter pylori ANTICUERPOS Ig A SEMIAUTOMATIZADO O AUTOMATIZADO
906023;Helicobacter pylori ANTICUERPOS Ig G SEMIAUTOMATIZADO O AUTOMATIZADO
906024;Helicobacter pylori ANTICUERPOS Ig M SEMIAUTOMATIZADO O AUTOMATIZADO
906025;Helicobacter pylori ANTICUERPOS TOTALES SEMIAUTOMATIZADO O AUTOMATIZADO
906026;Legionella spp ANTICUERPOS Ig G SEROTIPOS 1-14 SEMIAUTOMATIZADO O AUTOMATIZADO
906027;Legionella pneumoniae ANTICUERPOS SEMIAUTOMATIZADO
906028;Legionella pneumoniae ANTICUERPOS AUTOMATIZADO
906029;Leptospira ANTICUERPOS Ig G SEMIAUTOMATIZADO O AUTOMATIZADO
906030;Leptospira ANTICUERPOS Ig M SEMIAUTOMATIZADO O AUTOMATIZADO
906031;Mycobacterium leprae ANTICUERPOS Ig M SEMIAUTOMATIZADO O AUTOMATIZADO
906032;Mycobacterium tuberculosis ANTICUERPOS SEMIAUTOMATIZADO O AUTOMATIZADO
906033;Mycoplasma pneumoniae ANTICUERPOS Ig A SEMIAUTOMATIZADO O AUTOMATIZADO
906034;Mycoplasma pneumoniae ANTICUERPOS Ig G SEMIAUTOMATIZADO O AUTOMATIZADO
906035;Mycoplasma pneumoniae ANTICUERPOS TOTALES SEMIAUTOMATIZADO O AUTOMATIZADO
906036;Mycoplasma pneumoniae ANTICUERPOS Ig M SEMIAUTOMATIZADO O AUTOMATIZADO
906038;Streptococcus B hemolItico, ANTICUERPOS DESOXIRIBONUCLEASA B
906039;Treponema pallidum ANTICUERPOS (PRUEBA TREPONEMICA) MANUAL O SEMIAUTOMATIZADA O AUTOMATIZADA
906040;Treponema pallidum ANTICUERPOS Ig G SEMIAUTOMATIZADO O AUTOMATIZADO
906041;Treponema pallidum ANTICUERPOS Ig M SEMIAUTOMATIZADO O AUTOMATIZADO
906045;Bartonella henselae ANTICUERPOS Ig G SEMIAUTOMATIZADO O AUTOMATIZADO
906046;Bartonella henselae ANTICUERPOS Ig M SEMIAUTOMATIZADO O AUTOMATIZADO
906047;Bartonella quintana ANTICUERPOS SEMIAUTOMATIZADO O AUTOMATIZADO
906048;Coxiella burnetii ANTICUERPOS Ig G SEMIAUTOMATIZADO O AUTOMATIZADO
906049;Coxiella burnetii ANTICUERPOS Ig M SEMIAUTOMATIZADO O AUTOMATIZADO
906050;Actynomices ANTICUERPOS
906102;Aspergillus ANTICUERPOS MANUAL
906103;Blastomyces ANTICUERPOS SEMIAUTOMATIZADO O AUTOMATIZADO
906104;CAndida albicans ANTICUERPOS Ig A SEMIAUTOMATIZADO O AUTOMATIZADO
906105;CAndida albicans ANTICUERPOS Ig G SEMIAUTOMATIZADO O AUTOMATIZADO
906106;CAndida albicans ANTICUERPOS Ig M SEMIAUTOMATIZADO O AUTOMATIZADO
906107;Cisticerco ANTICUERPOS Ig G SEMIAUTOMATIZADO O AUTOMATIZADO
906108;Cisticerco ANTICUERPOS Ig G CONFIRMATORIO MANUAL O SEMIAUTOMATIZADO
906109;Cisticerco ANTICUERPOS TOTALES
906110;Echinococcus ANTICUERPOS
906111;Coccidioides ANTICUERPOS
906112;Cryptococcus neoformans ANTICUERPOS MANUAL
906113;Entamoeba histolItica ANTICUERPOS SEMIAUTOMATIZADO O AUTOMATIZADO
906114;Entamoeba histolItica ANTICUERPOS MANUAL
906115;Giardia lamblia ANTICUERPO Ig A SEMIAUTOMATIZADO O AUTOMATIZADO
906116;Giardia lamblia ANTICUERPO Ig G SEMIAUTOMATIZADO O AUTOMATIZADO
906117;Giardia lamblia ANTICUERPO Ig M SEMIAUTOMATIZADO O AUTOMATIZADO
906118;Histoplasma capsulatum ANTICUERPOS SEMIAUTOMATIZADO O AUTOMATIZADO
906119;HONGOS ANTICUERPOS TOTALES MANUAL
906120;HONGOS ANTICUERPOS TOTALES SEMIAUTOMATIZADO O AUTOMATIZADO
906121;Leishmania ANTICUERPOS MANUAL O SEMIAUTOMATIZADO
906122;Plasmodium ANTICUERPOS MANUAL O SEMIAUTOMATIZADO
906123;Paracoccidiodes ANTICUERPOS SEMIAUTOMATIZADO O AUTOMATIZADO
906124;Sporotrix ANTICUERPOS SEMIAUTOMATIZADO O AUTOMATIZADO
906125;Toxocara canis ANTICUERPOS SEMIAUTOMATIZADO O AUTOMATIZADO
906126;Toxoplasma gondii ANTICUERPOS Ig A SEMIAUTOMATIZADO O AUTOMATIZADO
906127;Toxoplasma gondii ANTICUERPOS Ig G SEMIAUTOMATIZADO O AUTOMATIZADO
906128;Toxoplasma gondii ANTICUERPOS Ig G MANUAL O SEMIAUTOMATIZADO
906129;Toxoplasma gondii ANTICUERPOS Ig M SEMIAUTOMATIZADO O AUTOMATIZADO
907002;COPROLOGICO
906130;Toxoplasma gondii ANTICUERPOS Ig M MANUAL O SEMIAUTOMATIZADO
906131;Trypanosoma cruzi ANTICUERPOS Ig G SEMIAUTOMATIZADO O AUTOMATIZADO
906132;Trypanosoma cruzi ANTICUERPOS MANUAL
906133;Trypanosoma cruzi ANTICUERPOS Ig M SEMIAUTOMATIZADO O AUTOMATIZADO
906134;TEST DE AVIDEZ ANTICUERPOS Ig G Toxoplasma SEMIAUTOMATIZADO O AUTOMATIZADO
906135;Aspergillus ANTICUERPOS Ig G SEMIAUTOMATIZADO O AUTOMATIZADO
906136;Aspergillus ANTICUERPOS Ig M SEMIAUTOMATIZADO O AUTOMATIZADO
906137;Trichenella ANTICUERPOS Ig G SEMIAUTOMATIZADO O AUTOMATIZADO
906138;Saccharomyces cerevisiae ANTICUERPOS Ig A SEMIAUTOMATIZADO O AUTOMATIZADO
906139;Saccharomyces cerevisiae ANTICUERPOS Ig G SEMIAUTOMATIZADO O AUTOMATIZADO
906140;Rickettsia spp ANTICUERPOS Ig G SEMIAUTOMATIZADO O AUTOMATIZADO
906141;Rickettsia spp ANTICUERPOS Ig M SEMIAUTOMATIZADO O AUTOMATIZADO
906201;Adenovirus ANTICUERPOS Ig G SEMIAUTOMATIZADO O AUTOMATIZADO
906202;Adenovirus ANTICUERPOS Ig G MANUAL
906203;Adenovirus ANTICUERPOS Ig M SEMIAUTOMATIZADO O AUTOMATIZADO
906204;Adenovirus ANTICUERPOS Ig M MANUAL
906205;Citomegalovirus ANTICUERPOS Ig G SEMIAUTOMATIZADO O AUTOMATIZADO
906206;Citomegalovirus ANTICUERPOS Ig M SEMIAUTOMATIZADO O AUTOMATIZADO
906207;Dengue ANTICUERPOS Ig G
906208;Dengue ANTICUERPOS Ig M
906209;Dengue ANTICUERPOS TOTALES
906210;Enterovirus ANTICUERPOS SEMIAUTOMATIZADO O AUTOMATIZADO
906211;Epstein-Barr ANTICUERPOS Ig A (CAPSULA EB-VCA-A) SEMIAUTOMATIZADO O AUTOMATIZADO
906212;Epstein-Barr ANTICUERPOS Ig G (CAPSULA EB-VCA-G) SEMIAUTOMATIZADO O AUTOMATIZADO
906213;Epstein-Barr ANTICUERPOS Ig G (NUCLEARES EBNA-G) SEMIAUTOMATIZADO O AUTOMATIZADO
906214;Epstein-Barr ANTICUERPOS Ig G (TEMPRANOS G) SEMIAUTOMATIZADO O AUTOMATIZADO
906215;Epstein-Barr ANTICUERPOS Ig M (CAPSULA EB-VCA-M) SEMIAUTOMATIZADO O AUTOMATIZADO
906216;Epstein-Barr ANTICUERPOS Ig M (NUCLEARES EBNA-M) SEMIAUTOMATIZADO O AUTOMATIZADO
906217;Epstein-Barr ANTICUERPOS Ig A (TEMPRANOS A) SEMIAUTOMATIZADO O AUTOMATIZADO
906218;Hepatitis A ANTICUERPOS Ig M SEMIAUTOMATIZADO O AUTOMATIZADO
906219;Hepatitis A ANTICUERPOS TOTALES SEMIAUTOMATIZADO O AUTOMATIZADO
906220;Hepatitis B ANTICUERPOS CENTRAL Ig M [ANTI-CORE HBC-M] SEMIAUTOMATIZADO O AUTOMATIZADO
906221;Hepatitis B ANTICUERPOS CENTRAL TOTALES [ANTI-CORE HBc] SEMIAUTOMATIZADO O AUTOMATIZADO
906222;Hepatitis B ANTICUERPOS E [ANTI-HBe] SEMIAUTOMATIZADO O AUTOMATIZADO
906223;Hepatitis B ANTICUERPOS S [ANTI-HBs] SEMIAUTOMATIZADO O AUTOMATIZADO
906224;Hepatitis B ANTICUERPOS DNA POLIMERASA AUTOMATIZADA
906225;Hepatitis C ANTICUERPO SEMIAUTOMATIZADO O AUTOMATIZADO
906226;Hepatitis delta ANTICUERPOS SEMIAUTOMATIZADO O AUTOMATIZADO
906227;Hepatitis delta ANTICUERPOS Ig M SEMIAUTOMATIZADO O AUTOMATIZADO
906228;Herpes I ANTICUERPOS Ig G SEMIAUTOMATIZADO O AUTOMATIZADO
906229;Herpes I ANTICUERPOS Ig M SEMIAUTOMATIZADO O AUTOMATIZADO
906230;Herpes II ANTICUERPOS Ig G SEMIAUTOMATIZADO O AUTOMATIZADO
906231;Herpes II ANTICUERPOS Ig M SEMIAUTOMATIZADO O AUTOMATIZADO
906232;HTLV-I Y II ANTICUERPOS TOTALES SEMIAUTOMATIZADO O AUTOMATIZADO
906233;HTLV-I Y II ANTICUERPOS TOTALES CONFIRMATORIO SEMIAUTOMATIZADO O AUTOMATIZADO
906234;Influenza TIPO A ANTICUERPOS Ig G
906235;Influenza TIPO A ANTICUERPOS Ig M
906236;Influenza TIPO B ANTICUERPOS Ig G
906237;Influenza TIPO B ANTICUERPOS Ig M
906238;Parotiditis ANTICUERPOS Ig G SEMIAUTOMATIZADO O AUTOMATIZADO
906239;Poliovirus ANTICUERPOS SEMIAUTOMATIZADO O AUTOMATIZADO
906240;Poliovirus ANTICUERPOS SEROTIPOS 1-3 SEMIAUTOMATIZADO O AUTOMATIZADO
906241;Rubeola ANTICUERPOS Ig G AUTOMATIZADO
906242;Rubeola ANTICUERPOS Ig G SEMIAUTOMATIZADO
906243;Rubeola ANTICUERPOS Ig M AUTOMATIZADO
906244;Rubeola ANTICUERPOS Ig M SEMIAUTOMATIZADO
906245;SarampiOn ANTICUERPOS Ig G SEMIAUTOMATIZADO O AUTOMATIZADO
906246;SarampiOn ANTICUERPOS Ig M SEMIAUTOMATIZADO O AUTOMATIZADO
906247;Varicela zoster ANTICUERPOS Ig G SEMIAUTOMATIZADO O AUTOMATIZADO
906248;Varicela zoster ANTICUERPOS Ig M SEMIAUTOMATIZADO O AUTOMATIZADO
906249;Virus de Inmunodeficiencia Humana 1 Y 2 ANTICUERPOS
906250;Virus de Inmunodeficiencia Humana PRUEBA CONFIRMATORIA
906251;Virus de Encefalitis ANTICUERPOS SEMIAUTOMATIZADO O AUTOMATIZADO
906252;Virus de Fiebre Amarilla ANTICUERPOS Ig M SEMIAUTOMATIZADO O AUTOMATIZADO
906253;Virus Sincitial Respiratorio ANTICUERPOS Ig G
906254;Virus Sincitial Respiratorio ANTICUERPOS Ig M
906255;Toxocara spp ANTICUERPOS Ig G SEMIAUTOMATIZADO O AUTOMATIZADO
906257;Pneumocystis carinii ANTICUERPOS SEMIAUTOMATIZADO O AUTOMATIZADO
906258;Parotiditis ANTICUERPOS Ig M SEMIAUTOMATIZADO O AUTOMATIZADO
906259;Parvovirus B19 ANTICUERPOS SEMIAUTOMATIZADO O AUTOMATIZADO
906260;Citomegalovirus ANTICUERPOS Ig G MANUAL
906261;Citomegalovirus ANTICUERPOS Ig M MANUAL
906262;Hepatitis B ANTICUERPOS S [ANTI-HBs] MANUAL
906263;Hepatitis C ANTICUERPOS MANUAL
906264;Rubeola ANTICUERPOS MANUAL
906265;SarampiOn ANTICUERPOS MANUAL
906266;Hepatitis E ANTICUERPOS Ig G SEMIAUTOMATIZADO O AUTOMATIZADO
906267;Hepatitis E ANTICUERPOS Ig M SEMIAUTOMATIZADO O AUTOMATIZADO
906270;SARS CoV2 [COVID-19] ANTICUERPOS Ig G
906271;SARS CoV2 [COVID-19] ANTICUERPOS Ig M
906301;Adenovirus ANTIGENO
906302;ANTIGENO P 24 Virus de Inmunodeficiencia Humana 1
906303;ANTIGENOS BACTERIANOS MANUAL O SEMIAUTOMATIZADO
906304;ANTIGENOS FEBRILES MANUAL O SEMIAUTOMATIZADO
906305;Arbovirus ANTIGENO SEMIAUTOMATIZADO O AUTOMATIZADO
906306;Bordetella pertussi ANTIGENO SEMIAUTOMATIZADO O AUTOMATIZADO
906307;Chlamydia trachomatis ANTIGENO SEMIAUTOMATIZADO O AUTOMATIZADO
906308;Chlamydia trachomatis ANTIGENO MANUAL
906310;Coxsackie A ANTIGENO POR NEUTRALIZACION SEMIAUTOMATIZADO O AUTOMATIZADO
906312;Coxsackie B ANTIGENO SEMIAUTOMATIZADO O AUTOMATIZADO
906314;Cryptococcus neoformans ANTIGENO
906315;Entamoeba histolItica ANTIGENO SEMIAUTOMATIZADO O AUTOMATIZADO
906316;Giardia lamblia MANUAL
906317;Hepatitis B ANTIGENO DE SUPERFICIE [Ag HBs]
906318;Hepatitis B ANTIGENO e [Ag HBe] SEMIAUTOMATIZADO O AUTOMATIZADO
906319;Hepatitis delta ANTIGENO [Ag HVD] SEMIAUTOMATIZADO O AUTOMATIZADO
906320;Herpes simplex ANTIGENO SEMIAUTOMATIZADO O AUTOMATIZADO
906321;Influenza ANTIGENO
906322;Legionella spp ANTIGENO
906323;Neisseria gonorrhoeae ANTIGENO
906324;Parainfluenza TIPO 1 3 ANTIGENO
906325;Pneumocystis carinii ANTIGENO MANUAL O SEMIAUTOMATIZADO O AUTOMATIZADO
906326;Rotavirus ANTIGENOS SEMIAUTOMATIZADO O AUTOMATIZADO
906327;Rotavirus ANTIGENOS MANUAL
906328;Salmonella spp IDENTIFICACION MANUAL
906329;Virus Sincitial Respiratorio ANTIGENO
906331;Streptococcus pneumoniae ANTIGENO
906332;Hepatitis B [HBsAg] ANTIGENO DE SUPERFICIE PRUEBA DE NEUTRALIZACION AUTOMATIZADA
906333;Aspergillus spp ANTIGENO (GALACTOMANAN) SEMIAUTOMATIZADO O AUTOMATIZADO
906334;CAndida spp ANTIGENO
906335;Cryptosporidium spp ANTIGENO SEMIAUTOMATIZADO O AUTOMATIZADO
906336;Giardia lamblia ANTIGENO SEMIAUTOMATIZADO O AUTOMATIZADO
906337;Histoplasma capsulatum ANTIGENO SEMIAUTOMATIZADO O AUTOMATIZADO
906338;Plasmodium spp ANTIGENO MAUAL O SEMIAUTOMATIZADO O AUTOMATIZADO
906340;SARS CoV 2 [COVID-19] ANTIGENO
906401;ACETILCOLINA RECEPTORES ANTICUERPOS BLOQUEADORES AUTOMATIZADO
906404;ADN CADENA SENCILLA ANTICUERPOS SEMIAUTOMATIZADO O AUTOMATIZADO
906405;ADRENAL AUTOANTICUERPOS SEMIAUTOMATIZADA O AUTOMATIZADA
906406;ANTICUERPOS NUCLEARES EXTRACTABLES TOTALES [ENA] SS-A [Ro] SS-B [La] RNP y Sm SEMIAUTOMATIZADO O AUTOMATIZADO
906407;CARDIOLIPINA ANTICUERPOS Ig A SEMIAUTOMATIZADO O AUTOMATIZADO
906408;CARDIOLIPINA ANTICUERPOS Ig G SEMIAUTOMATIZADO O AUTOMATIZADO
906409;CARDIOLIPINA ANTICUERPOS Ig M SEMIAUTOMATIZADO O AUTOMATIZADO
906410;CELULAS DE PURKINGE ANTICUERPOS SEMIAUTOMATIZADO O AUTOMATIZADO
906411;CELULAS PARIETALES ANTICUERPOS SEMIAUTOMATIZADO O AUTOMATIZADO
906412;CEMENTO INTERCELULAR ANTICUERPOS SEMIAUTOMATIZADO O AUTOMATIZADO
906413;CENTROMERO ANTICUERPOS SEMIAUTOMATIZADO O AUTOMATIZADO
906414;CITOPLASMA DE NEUTROFILOS ANTICUERPOS TOTALES [C-ANCA O P-ANCA] MANUAL O SEMIAUTOMATIZADO
906415;CITOPLASMA DE NEUTROFILOS ANTICUERPOS TOTALES [C ANCA O P ANCA] AUTOMATIZADO
906416;DEOXIRRIBONUCLEASA B AUTOANTICUERPOS [ANTI ADN B] AUTOMATIZADO
906417;DNA n ANTICUERPOS SEMIAUTOMATIZADO O AUTOMATIZADO
906418;DNA n ANTICUERPOS MANUAL
906419;ESPERMATOZOIDES ANTICUERPOS AUTOMATIZADO
906420;ESPERMATOZOIDES ANTICUERPOS MANUAL O SEMIAUTOMATIZADO
906421;FACTOR ANTINUCLEO ANTICUERPOS SEMIAUTOMATIZADO O AUTOMATIZADO
906422;FOSFOLIPIDOS ANTICUERPOS Ig G SEMIAUTOMATIZADO O AUTOMATIZADO
906423;FOSFOLIPIDOS ANTICUERPOS Ig M SEMIAUTOMATIZADO O AUTOMATIZADO
906424;HISTONA ANTICUERPOS SEMIAUTOMATIZADO O AUTOMATIZADO
906425;INSULINA ANTICUERPOS SEMIAUTOMATIZADO O AUTOMATIZADO
906426;INSULINA ANTICUERPOS ISLOTES SEMIAUTOMATIZADO O AUTOMATIZADO
906428;ISOLEUCOAGLUTININAS
906429;Jo1 ANTICUERPOS SEMIAUTOMATIZADO O AUTOMATIZADO
906430;SSB [La] ANTICUERPOS Ig G SEMIAUTOMATIZADO O AUTOMATIZADO
906431;MEMBRANA BASAL DEL GLOMERULO ANTICUERPOS Ig G SEMIAUTOMATIZADO O AUTOMATIZADO
906432;MITOCONDRIA ANTICUERPOS AUTOMATIZADO
906433;MITOCONDRIA ANTICUERPOS MANUAL
906434;MITOCONDRIA ANTICUERPOS SEMIAUTOMATIZADO
906435;MUSCULO ESTRIADO ANTICUERPOS
906436;MUSCULO LISO ANTICUERPOS AUTOMATIZADO
906437;MUSCULO LISO ANTICUERPOS MANUAL
906438;MUSCULO LISO ANTICUERPOS SEMIAUTOMATIZADO
906440;ANTICUERPOS ANTINUCLEARES AUTOMATIZADO
906441;ANTICUERPOS ANTINUCLEARES MANUAL
906442;ANTICUERPOS ANTINUCLEARES SEMIAUTOMATIZADO
906443;PLAQUETARIOS ANTICUERPOS SEMIAUTOMATIZADO
906444;PLAQUETARIOS ANTICUERPOS AUTOMATIZADO
906445;PLAQUETAS ANTICUERPOS CIRCULANTES Ig G Ig M e Ig A SEMIAUTOMATIZADO O AUTOMATIZADO
906446;PLAQUETAS ANTIGENOS ASOCIADOS A ANTICUERPOS Ig G Ig M e Ig A SEMIAUTOMATIZADO O AUTOMATIZADO
906447;PM/SCL ANTICUERPOS SEMIAUTOMATIZADO O AUTOMATIZADO
906448;PM1 ANTICUERPOS ASOCIADOS A POLIMIOSITIS AUTOMATIZADO
906449;PM2 ANTICUERPOS AUTOMATIZADO
906450;PROTEINA RIBOSOMAL P ANTICUERPOS SEMIAUTOMATIZADO O AUTOMATIZADO
906451;QUERATINA ANTICUERPOS
906452;RECEPTORES BETA-2 ADRENERGICOS ANTICUERPOS SEMIAUTOMATIZADO O AUTOMATIZADO
906453;RNP ANTICUERPOS SEMIAUTOMATIZADO O AUTOMATIZADO
906454;SSA [Ro] ANTICUERPOS SEMIAUTOMATIZADO O AUTOMATIZADO
906455;SCL-70 ANTICUERPOS SEMIAUTOMATIZADO O AUTOMATIZADO
906456;Sm ANTICUERPOS SEMIAUTOMATIZADO O AUTOMATIZADO
906457;TIROIDEOS COLOIDALES ANTICUERPOS
906458;TIROIDEOS MICROSOMALES ANTICUERPOS (TIROIDEOS PEROXIDASA ANTICUERPOS) AUTOMATIZADO
906459;TIROIDEOS MICROSOMALES ANTICUERPOS (TIROIDEOS PEROXIDASA ANTICUERPOS) MANUAL
906460;TIROIDEOS MICROSOMALES ANTICUERPOS (TIROIDEOS PEROXIDASA ANTICUERPOS) SEMIAUTOMATIZADO
906462;TIROIDEOS PEROXIDASA ANTICUERPOS
906463;TIROIDEOS TIROGLOBULINICOS ANTICUERPOS AUTOMATIZADO
906464;TIROIDEOS TIROGLOBULINICOS ANTICUERPOS MANUAL
906465;TIROIDEOS TIROGLOBULINICOS ANTICUERPOS SEMIAUTOMATIZADO
906466;CITRULINA ANTICUERPOS [ANTI PEPTIDO CICLICO CITRULINADO] SEMIAUTOMATIZADO O AUTOMATIZADO
906467;HORMONA PARATIROIDEA ANTICUERPOS SEMIAUTOMATIZADO O AUTOMATIZADO
906468;ACETILCOLINA RECEPTORES ANTICUERPOS FIJADORES SEMIAUTOMATIZADO O AUTOMATIZADO
906469;ACETILCOLINA RECEPTORES ANTICUERPOS MODULADORES SEMIAUTOMATIZADO O AUTOMATIZADO
906470;ANTICUERPOS ACUAPORINA 4 SEMIAUTOMATIZADO O AUTOMATIZADO
906471;ENDOMISIO ANTICUERPOS Ig A SEMIAUTOMATIZADO O AUTOMATIZADO
906472;ENDOMISIO ANTICUERPOS Ig G SEMIAUTOMATIZADO O AUTOMATIZADO
906473;ENDOMISIO ANTICUERPOS Ig M SEMIAUTOMATIZADO O AUTOMATIZADO
906474;GLIADINA ANTICUERPOS Ig A SEMIAUTOMATIZADO O AUTOMATIZADO
906475;GLIADINA ANTICUERPOS Ig G SEMIAUTOMATIZADO O AUTOMATIZADO
906476;GLIADINA ANTICUERPOS Ig M SEMIAUTOMATIZADO O AUTOMATIZADO
906477;TRANSGLUTAMINASA ANTICUERPOS Ig A SEMIAUTOMATIZADO O AUTOMATIZADO
906478;TRANSGLUTAMINASA ANTICUERPOS Ig G SEMIAUTOMATIZADO O AUTOMATIZADO
906479;TRANSGLUTAMINASA ANTICUERPOS SEMIAUTOMATIZADO O AUTOMATIZADO
906480;BETA 2 GLICOPROTEINA I Ig A SEMIAUTOMATIZADO O AUTOMATIZADO
906481;BETA 2 GLICOPROTEINA I Ig G SEMIAUTOMATIZADO O AUTOMATIZADO
906482;BETA 2 GLICOPROTEINA I Ig M SEMIAUTOMATIZADO O AUTOMATIZADO
906483;ACIDO GLUTAMICO DECARBOXILASA ANTICUERPO SEMIAUTOMATIZADO O AUTOMATIZADO
906484;MICROSOMALES HIGADO Y RIÑON ANTICUERPOS SEMIAUTOMATIZADO O AUTOMATIZADO
906485;MIELOPEROXIDASA ANTICUERPOS SEMIAUTOMATIZADO O AUTOMATIZADO
906486;PROTEINASA 3 ANTICUERPOS SEMIAUTOMATIZADO O AUTOMATIZADO
906488;GANGLIOSIDOS ANTICUERPOS Ig G SEMIAUTOMATIZADO O AUTOMATIZADO  
906489;GANGLIOSIDOS ANTICUERPOS Ig M SEMIAUTOMATIZADO O AUTOMATIZADO  
906490;ANTIGENO SOLUBLE DE HIGADO ANTICUERPOS SEMIAUTOMATIZADO O AUTOMATIZADO  
906491;TIROSINASA MUSCULO ESPECIFICA [MUSK] ANTICUERPOS SEMIAUTOMATIZADO O AUTOMATIZADO  
906501;HISTOCOMPATIBILIDAD ANTIGENO A B C CLASE I
906502;HISTOCOMPATIBILIDAD ANTIGENO A B C DR DQ  CLASE I Y II
906503;HISTOCOMPATIBILIDAD ANTIGENO B CLASE I CADA UNO
906504;HISTOCOMPATIBILIDAD ANTIGENO DR SEMIAUTOMATIZADO
906506;HISTOCOMPATIBILIDAD ANTIGENO DR DQ CLASE II SEMIAUTOMATIZADO O AUTOMATIZADO
906509;HLA CITOTOXICOS ANTICUERPOS SEMIAUTOMATIZADO
906512;ANTIGENO LEUCOCITARIO HUMANO A SEMIAUTOMATIZADO O AUTOMATIZADO
906513;ANTIGENO LEUCOCITARIO HUMANO DR ALTA RESOLUCION AUTOMATIZADO
906514;ANTIGENO LEUCOCITARIO HUMANO DQ SEMIAUTOMATIZADO O AUTOMATIZADO
906601;ACIDO SIALICO SEMIAUTOMATIZADO O AUTOMATIZADO
906602;ALFA FETOPROTEINA SEMIAUTOMATIZADO O AUTOMATIZADO
906603;ANTIGENO CARCINOEMBRIONARIO SEMIAUTOMATIZADO O AUTOMATIZADO
906604;ANTIGENO DE CANCER DE MAMA [CA 15-3] SEMIAUTOMATIZADO O AUTOMATIZADO
906605;ANTIGENO DE CANCER DE OVARIO [CA 125] SEMIAUTOMATIZADO O AUTOMATIZADO
906606;ANTIGENO DE CANCER DE TUBO DIGESTIVO [CA 19-9] SEMIAUTOMATIZADO O AUTOMATIZADO
906610;ANTIGENO ESPECIFICO DE PROSTATA SEMIAUTOMATIZADO O AUTOMATIZADO
906611;ANTIGENO ESPECIFICO DE PROSTATA FRACCION LIBRE SEMIAUTOMATIZADO O AUTOMATIZADO
906612;ANTIGENO ESPECIFICO DE PROSTATA VELOCIDAD DE CAMBIO 2 MUESTRAS SEMIAUTOMATIZADO O AUTOMATIZADO
906613;ANTIGENO POLIPEPTIDO DE TEJIDO O ANTIGENO DE PROLIFERACION CELULAR AUTOMATIZADO
906614;ANTIGENO POLIPEPTIDO DE TEJIDO O ANTIGENO DE PROLIFERACION CELULAR SEMIAUTOMATIZADO
906618;ANTIGENO TUMORAL DE VEJIGA SEMIAUTOMATIZADO O AUTOMATIZADO
906620;BETA 2 MICROGLOBULINA SEMIAUTOMATIZADO O AUTOMATIZADO
906621;CALCITONINA SEMIAUTOMATIZADO O AUTOMATIZADO
906622;ENOLASA NEURONAL ESPECIFICA SEMIAUTOMATIZADO O AUTOMATIZADO
906623;FACTOR ALFA DE NECROSIS TUMORAL SEMIAUTOMATIZADO O AUTOMATIZADO
906624;GASTRINA SEMIAUTOMATIZADO O AUTOMATIZADO
906625;GONADOTROPINA CORIONICA SUBUNIDAD BETA SEMIAUTOMATIZADO O AUTOMATIZADO
906626;GONADOTROPINA CORIONICA SUBUNIDAD BETA FRACCION LIBRE SEMIAUTOMATIZADO O AUTOMATIZADO
906701;CULTIVO MIXTO DE LINFOCITOS
906702;LEUCOCITOS CD14 MONOCITOS GRANULOCITOS SEMIAUTOMATIZADO O AUTOMATIZADO
906703;LEUCOCITOS CD14 MONOCITOS GRANULOCITOS POR INMUNOHISTOQUIMICA
906704;LEUCOCITOS CD33 MONOCITOS GRANULOCITOS SEMIAUTOMATIZADO O AUTOMATIZADO
906705;LEUCOCITOS CD33 MONOCITOS GRANULOCITOS POR INMUNOHISTOQUIMICA
906706;LEUCOCITOS CD34 CELULAS PROGENITORAS SEMIAUTOMATIZADO O AUTOMATIZADO
906707;LEUCOCITOS CD34 CELULAS PROGENITORAS POR INMUNOHISTOQUIMICA
906708;LEUCOCITOS CD45 LEUCOCITOS TOTALES SEMIAUTOMATIZADO O AUTOMATIZADO
906709;LEUCOCITOS CD45 LEUCOCITOS TOTALES POR INMUNOHISTOQUIMICA
906710;LEUCOCITOS MPO SEMIAUTOMATIZADO O AUTOMATIZADO
906711;LINFOCITOS B (CD19 Y CD20) SEMIAUTOMATIZADO O AUTOMATIZADO
906712;LINFOCITOS T CD3 SEMIAUTOMATIZADO O AUTOMATIZADO
906713;LINFOCITOS T CD3 POR INMUNOFLUORESCENCIA
906714;LINFOCITOS T CD4 SEMIAUTOMATIZADO O AUTOMATIZADO
906715;LINFOCITOS T CD4 POR INMUNOFLUORESCENCIA
906716;LINFOCITOS CD5 SEMIAUTOMATIZADO O AUTOMATIZADO
906717;LINFOCITOS CD5 POR INMUNOFLUORESCENCIA
906718;LINFOCITOS CD7 LINFOCITOS T Y NK SEMIAUTOMATIZADO O AUTOMATIZADO
906719;LINFOCITOS CD7 LINFOCITOS T Y NK POR INMUNOHISTOQUIMICA
906720;LINFOCITOS T CD8 SEMIAUTOMATIZADO O AUTOMATIZADO
906721;LINFOCITOS T CD8 POR INMUNOFLUORESCENCIA
906722;LINFOCITOS CD10 LINFOCITOS PRE-B [CALLA] SEMIAUTOMATIZADO O AUTOMATIZADO
906723;LINFOCITOS CD10 LINFOCITOS PRE-B [CALLA] POR INMUNOHISTOQUIMICA
906724;LINFOCITOS CD11 SEMIAUTOMATIZADO O AUTOMATIZADO
906725;LINFOCITOS CD11 POR INMUNOHISTOQUIMICA
906726;LINFOCITOS CD13 SEMIAUTOMATIZADO O AUTOMATIZADO
906727;LINFOCITOS CD13 POR INMUNOHISTOQUIMICA
906728;LINFOCITOS CD15 SEMIAUTOMATIZADO O AUTOMATIZADO
906729;LINFOCITOS CD15 POR INMUNOHISTOQUIMICA
906730;LINFOCITOS CD16 LINFOCITOS NK SEMIAUTOMATIZADO O AUTOMATIZADO
906731;LINFOCITOS CD16 LINFOCITOS NK POR INMUNOHISTOQUIMICA
906732;LINFOCITOS CD22 SEMIAUTOMATIZADO O AUTOMATIZADO
906733;LINFOCITOS CD22 POR INMUNOHISTOQUIMICA
906734;LINFOCITOS CD23 SEMIAUTOMATIZADO O AUTOMATIZADO
906735;LINFOCITOS CD23 POR INMUNOHISTOQUIMICA
906736;LINFOCITOS CD38 LINFOCITOS T ACTIVADOS Y B LINFOCITOS NK SEMIAUTOMATIZADO O AUTOMATIZADO
906737;LINFOCITOS CD38 LINFOCITOS T ACTIVADOS Y B, LINFOCITOS NK POR INMUNOHISTOQUIMICA
906738;LINFOCITOS CD56 LINFOCITOS NK SEMIAUTOMATIZADO O AUTOMATIZADO
906739;LINFOCITOS CD56 LINFOCITOS NK POR INMUNOHISTOQUIMICA
906740;LINFOCITOS CD79a SEMIAUTOMATIZADO O AUTOMATIZADO
906741;LINFOCITOS CD79a POR INMUNOHISTOQUIMICA
906742;LINFOCITOS CD79b SEMIAUTOMATIZADO O AUTOMATIZADO
906743;LINFOCITOS CD79b POR INMUNOHISTOQUIMICA
906744;LINFOCITOS T CUANTIFICACION CD3 CD4 CD8 SEMIAUTOMATIZADO O AUTOMATIZADO
906745;LINFOCITOS T INMADUROS CD1 POR INMUNOHISTOQUIMICA
906746;MONOCITOS CD45 SEMIAUTOMATIZADO O AUTOMATIZADO
906747;MONOCITOS CD45 POR INMUNOHISTOQUIMICA
906748;MONOCITOS CD64 SEMIAUTOMATIZADO O AUTOMATIZADO
906749;MONOCITOS CD64 POR INMUNOHISTOQUIMICA
906750;PLAQUETAS CD41 SEMIAUTOMATIZADO O AUTOMATIZADO
906751;PLAQUETAS CD41 POR INMUNOHISTOQUIMICA
906752;PLAQUETAS CD61 SEMIAUTOMATIZADO O AUTOMATIZADO
906753;PLAQUETAS CD61 POR INMUNOHISTOQUIMICA
906754;LINFOCITOS B DE MEMORIA SUBPOBLACIONES IgD CD27 CD19 SEMIAUTOMATIZADO O AUTOMATIZADO
906755;EXPRESION DE PERFORINAS EN CELULAS NK SEMIAUTOMATIZADO O AUTOMATIZADO
906757;LINFOCITOS ALFA BETA (CD4 CD8): TC Rab CD4 CD8 SEMIAUTOMATIZADO O AUTOMATIZADO
906758;LINFOCITOS B TOTALES MAS EXPRESION DEL RECEPTOR DEL COMPLEMENTO CR2: CD45 CD19 CD21 SEMIAUTOMATIZADO O AUTOMATIZADO
906759;LINFOCITOS B TRANSICIONALES: CD24 CD19 CD38 SEMIAUTOMATIZADO O AUTOMATIZADO
906760;LINFOCITOS NK: EXPRESION DE CD107a SEMIAUTOMATIZADO O AUTOMATIZADO
906761;LINFOCITOS NK: ENSAYO DE CITOTOXICIDAD SEMIAUTOMATIZADO O AUTOMATIZADO
906762;LINFOCITOS T (CD3 CD4 CD8 DOBLEMENTE NEGATIVOS) SEMIAUTOMATIZADO O AUTOMATIZADO
906763;LINFOCITOS T (CD3 CD4 CD8 RELACION CD4/CD8) Y LINFOCITOS B (CD19 CD20) RECUENTO SEMIAUTOMATIZADO O AUTOMATIZADO
906764;LINFOCITOS T SUBPOBLACIONES PRINCIPALES: CD45 CD3 CD4 CD8 SEMIAUTOMATIZADO O AUTOMATIZADO
906765;MARCADOR TCR ALFA BETA (TCRab) SEMIAUTOMATIZADO O AUTOMATIZADO
906768;SUBPOBLACIONES DE LINFOCITOS T B NK Y MONOCITOS EN LEUCOCITOS CD45 SEMIAUTOMATIZADO O AUTOMATIZADO
906769;SUBPOBLACIONES EXTENDIDAS DE LINFOCITOS B (VIRGENES Y DE MEMORIA CON O SIN CAMBIO DE ISOTIPO PLASMOBLASTOS Y TRANSICIONALES) SEMIAUTOMATIZADO O AUTOMATIZADO
906770;SUBPOBLACIONES EXTENDIDAS DE LINFOCITOS T (AYUDADORES Y CITOTOXICOS VIRGENES Y DE MEMORIA CENTRAL Y EFECTORA) SEMIAUTOMATIZADO O AUTOMATIZADO
906771;EXPRESION DE CD40 EN LINFOCITOS B
906772;EXPRESION DE CD40L EN LINFOCITOS T
906773;EXPRESION DE HLA CLASE II EN LINFOCITOS T Y B A PARTIR DE LEUCOCITOS CD45+
906774;EXPRESION DE IFNGR1 E IL12RB1 EN LINFOCITOS
906775;EXPRESION INTRACELULAR DE SAP EN LINFOCITOS
906776;LINFOPROLIFERACION A ANTI-CD3+ ANTI-CD28
906777;LINFOPROLIFERACION A MITOGENO
906801;BETA 2 GLICOPROTEINA I SEMIAUTOMATIZADO O AUTOMATIZADO
906802;CAMPO OSCURO PARA CUALQUIER MUESTRA
906803;CELULAS ROJAS GLICOFORINA SEMIAUTOMATIZADO O AUTOMATIZADO
906805;COMPLEJOS INMUNES CIRCULANTES SEMIAUTOMATIZADO O AUTOMATIZADO
906806;COMPLEMENTO C1Q SEMIAUTOMATIZADO O AUTOMATIZADO
906807;ELECTROFORESIS DE AMINOACIDOS EN ORINA
906808;ELECTROFORESIS DE HEMOGLOBINA SEMIAUTOMATIZADO
906809;ELECTROFORESIS DE HEMOGLOBINA AUTOMATIZADO
906810;ELECTROFORESIS DE LIPOPROTEINAS SEMIAUTOMATIZADO Y AUTOMATIZADO
906811;ELECTROFORESIS DE PROTEINAS DE LIQUIDO CEFALORRAQUIDEO [DETECCION DE BANDAS OLIGOCLONALES] SEMIAUTOMATIZADO Y AUTOMATIZADO
906812;ELECTROFORESIS DE PROTEINAS SEMIAUTOMATIZADO Y AUTOMATIZADO
906813;FACTOR INTRINSECO ANTICUERPOS SEMIAUTOMATIZADO Y AUTOMATIZADO
906814;FAGOCITOSIS ESTUDIO
906818;Hepatitis C PRUEBA CONFIRMATORIA SEMIAUTOMATIZADO O AUTOMATIZADO
906822;HISTAMINA SEMIAUTOMATIZADO O AUTOMATIZADO
906823;INHIBIDOR C1 ESTERASA CONCENTRACION O FUNCIONAL SEMIAUTOMATIZADO O AUTOMATIZADO
906824;INMUNOFIJACION SEMIAUTOMATIZADO
906825;INMUNOFIJACION AUTOMATIZADA
906826;INMUNOGLOBULINA A [Ig A] SEMIAUTOMATIZADO
906827;INMUNOGLOBULINA A [Ig A] AUTOMATIZADO
906828;INMUNOGLOBULINA G [Ig G] SEMIAUTOMATIZADO
906829;INMUNOGLOBULINA G [Ig G] AUTOMATIZADO
906830;INMUNOGLOBULINA G [Ig G] SUBCLASES 1 2 3 4 SEMIAUTOMATIZADO O AUTOMATIZADO
906831;INMUNOGLOBULINA M [Ig M] SEMIAUTOMATIZADO O AUTOMATIZADO
906832;INMUNOGLOBULINA M [Ig M] AUTOMATIZADO
906833;INMUNOGLOBULINA D [Ig D] SEMIAUTOMATIZADO O AUTOMATIZADO
906834;INMUNOGLOBULINA E [Ig E] ESPECIFICA (DOSIFICACION CADA ALERGENO) SEMIAUTOMATIZADO O AUTOMATIZADO
906835;INMUNOGLOBULINA E [Ig E] SEMIAUTOMATIZADO
906836;INMUNOGLOBULINA E [Ig E] AUTOMATIZADO
906837;INMUNOGLOBULINAS CADENAS LIVIANAS KAPPA Y LAMBDA SEMIAUTOMATIZADO O AUTOMATIZADO
906838;PLAQUETAS FACTOR 4 SEMIAUTOMATIZADO O AUTOMATIZADO
906839;RECEPTORES DE INTERLEUQUINA 2 CD25 POR INMUNOHISTOQUIMICA
906841;PROCALCITONINA SEMIAUTOMATIZADO O AUTOMATIZADO
906842;INMUNOGLOBULINAS CADENAS LIVIANAS LIBRES KAPPA SEMIAUTOMATIZADO O AUTOMATIZADO
906843;INMUNOGLOBULINAS CADENAS LIVIANAS LIBRES LAMBDA SEMIAUTOMATIZADO O AUTOMATIZADO
906844;DETERMINACION DE LA EXPLOSION RESPIRATORIA DE LOS GRANULOCITOS
906845;TOXOIDE DIFTERICO ANTICUERPOS Ig G
906846;TOXOIDE TETANICO ANTICUERPOS Ig G
906848;INTERFERON GAMMA [GAMMAINTERFERON]
906850;PRESEPSINA SEMIAUTOMATIZADO O AUTOMATIZADO
906851;CALPROTECTINA SEMIAUTOMATIZADO O AUTOMATIZADO
906901;AGLUTININAS AL FRIO
906902;AGLUTININAS AL CALOR
906903;ANTICUERPOS HETEROFILOS MANUAL SEMIAUTOMATIZADO O AUTOMATIZADO
906904;COMPLEMENTO HEMOLITICO AL 50% [CH 50] MANUAL O SEMIAUTOMATIZADO
906905;COMPLEMENTO SERICO C3 SEMIAUTOMATIZADO
906906;COMPLEMENTO SERICO C3 AUTOMATIZADO
906907;COMPLEMENTO SERICO C4 SEMIAUTOMATIZADO
906908;COMPLEMENTO SERICO C4 AUTOMATIZADO
906910;FACTOR REUMATOIDEO SEMIAUTOMATIZADO O AUTOMATIZADO
906911;FACTOR REUMATOIDEO MANUAL
906912;PREALBUMINA SEMIAUTOMATIZADO O AUTOMATIZADO
906913;PROTEINA C REACTIVA ALTA PRECISION AUTOMATIZADO
906914;PROTEINA C REACTIVA MANUAL O SEMIAUTOMATIZADO
906915;PRUEBA NO TREPONEMICA MANUAL
906916;SEROLOG™A [PRUEBA NO TREPOMENICA] VDRL EN SUERO O LCR & * +
907001;AZUCARES REDUCTORES EN HECES
907003;COPROLOGICO POR CONCENTRACION
907004;COPROSCOPICO
907005;FROTIS RECTAL (IDENTIFICACION DE TROFOZOITOS)
907006;GRASAS NEUTRAS EN HECES [SUDAN III]
907007;OXIUROS IDENTIFICACION PERIANAL [CINTA ADHESIVA O PRUEBA DE GRAHAM]
907008;SANGRE OCULTA EN MATERIA FECAL [GUAYACO O EQUIVALENTE]
907009;SANGRE OCULTA EN MATERIA FECAL (DETERMINACION DE HEMOGLOBINA HUMANA ESPECIFICA)
907010;UROBILINOGENO EN MATERIA FECAL CUALITATIVO
907011;UROBILINOGENO EN MATERIA FECAL CUANTITATIVO
907012;SANGRE OCULTA EN MATERIA FECAL [GUAYACO O EQUIVALENTE] SERIADO TRES MUESTRAS
907013;COPROLOGICO SERIADO TRES MUESTRAS
907014;COPROSCOPICO SERIADO TRES MUESTRAS
907015;ESTEATOCRITO ACIDO
907101;AZUCARES REDUCTORES EN ORINA
907102;HEMOGLOBINURIA
907103;PROTEINAS DE BENCE JONES MANUAL
907104;RECUENTO DE ADDIS
907105;RECUENTO HAMBURGUER
907106;UROANALISIS
907107;UROBILINOGENO EN ORINA PARCIAL
907108;GLOBULOS ROJOS MORFOLOGIA EN ORINA
907109;DENSIDAD URINARIA
907201;ESPERMOGRAMA BASICO
907202;MOCO CERVICAL ANALISIS
907203;LIQUIDO PROSTATICO (EXAMEN MICROSCOPICO)
907204;PARASITOS EN BILIS JUGO DUODENAL EXPECTORACIONES U OTRAS SECRECIONES
907205;FRAGILIDAD OSMOTICA ESPERMATICA
908301;ASPARTILCILASA ACTIVIDAD
908302;GALACTOSA CURVA DE TOLERANCIA
908303;GANGLIOSIDOS CUALITATIVOS
908304;FOSFOFRUCTOCINASA ACTIVIDAD
908305;PIRUVATOCINASA ACTIVIDAD
908306;PIRUVATO DESHIDROGENASA ACTIVIDAD
908308;ACIDO OROTICO
908309;AMINOACIDOS CUALITATIVOS
908310;AMINOACIDOS POR CLORURO FERRICO
908311;AMINOACIDOS POR DINITROFENILHIDRACINA
908312;AMINOACIDOS POR NITROPRUSIATO
908313;AMINOACIDOS POR NITROSONAFTOL
908314;CISTINA CUANTITATIVA
908315;FENILALANINA CURVA DE TOLERANCIA
908316;FENILALANINA CUANTITATIVA
908317;TIROSINA TEST CON RAIZ DE CABELLO
908318;CARBOHIDRATOS CUALITATIVOS
908319;FOSFORILASA ACTIVIDAD
908320;GALACTOSA URIDIL TRANSFERASA ACTIVIDAD
908321;GLUCOSA 6 FOSFATASA ACTIVIDAD
908322;GLUCOSA 6 FOSFATASA TRANSPORTADOR ACTIVIDAD
908323;GLUCOGENO CURVA DE ESTIMULACION CON GLUCAGON (DETERMINACION DE GLUCOSA Y ACIDO LACTICO)
908324;ARILSULFATASA B ACTIVIDAD
908325;ALFA L IDURONIDASA ACTIVIDAD
908326;BETA GALACTOCIDASA ACTIVIDAD
908327;GALACTOSA 6 SULFATO SULFATASA ACTIVIDAD
908328;GLICOSAMINOGLICANOS [MUCOPOLISACARIDOS] CUALITATIVOS
908329;ACIDOS GRASOS DE CADENA MUY LARGA CUANTITATIVO
908330;ARILSULFATASA A ACTIVIDAD
908331;BETA GLUCORONIDASA ACTIVIDAD
908342;GLICOSAMINOGLICANOS [MUCOPOLISACARIDOS] CUANTITATIVOS
908343;ACIDOS ORGANICOS DE CADENA CORTA Y MEDIA CUALITATIVO O CUANTITATIVO
908344;IDURONATO 2 SULFATO SULFATASA ACTIVIDAD
908345;GALACTOSILCEREBROSIDASA ACTIVIDAD
908346;BETA GLUCOCEREBROSIDASA ACTIVIDAD
908347;ACIDO LACTICO CURVA POST GLUCOSA
908348;ACIDO LACTICO CURVA POST EJERCICIO ISQUEMICO
908349;OTRAS ENZIMAS ACTIVIDAD
908350;OTROS METABOLITOS DETERMINACION
908402;BCL-2 TRANSLOCACION (14,18)
908403;BCR/ABL TRANSLOCACION DE GENES CUALITATIVO
908404;CARIOTIPO CON BANDEO G
908405;CARIOTIPO CON BANDEO Q
908406;CARIOTIPO CON BANDEO C
908407;CARIOTIPO CON BANDEO RT
908408;CARIOTIPO DE INTERCAMBIO DE CROMATIDES HERMANAS [SCE]
908409;CARIOTIPO PARA CROMOSOMA X FRAGIL
908410;CARIOTIPO PARA CROMOSOMA FILADELFIA
908411;CARIOTIPO PARA ESTADOS LEUCEMICOS
908412;ESTUDIO MOLECULAR DE ENFERMEDADES
908413;ERBB2 [HER-2/neu] (ONCOGEN) HIBRIDACION IN SITU CON FLUORESCENCIA [FISH]
908414;PRUEBA DE CROMATINA
908415;REORGANIZACION DE GENE BCR/ABL
908416;ESTUDIO DE PENETRACION DE ESPERMATOZOIDES EN OOCITOS DESNUDOS DE HAMSTER
908417;BCR/ABL TRANSLOCACION DE GENES CUANTITATIVO
908418;ESTUDIOS GENETICOS DE CROMOSOMAS (ESPECIFICOS)
908419;ESTUDIOS GENETICOS DE ADN MITOCONDRIAL (ESPECIFICO)
908420;ESTUDIOS MOLECULARES DE GENES (ESPECIFICOS)
908421;ESTUDIO MOLECULAR DE REARREGLOS (ESPECIFICOS)
908422;ESTUDIO MOLECULAR DE EXONES (ESPECIFICOS)
908423;ESTUDIO MOLECULAR DE DELECIONES Y DUPLICACIONES (ESPECIFICAS)
908424;ESTUDIO MOLECULAR DE MUTACIONES (ESPECIFICAS)
908425;ESTUDIOS GENETICOS DE LOS CROMOSOMAS 14 23 Y 1
908426;METILENTETRAHIDROFOLATO REDUCTASA [MTHFR] MUTACION
908427;F2 (FACTOR II O PROTROMBINA) MUTACION G20210A
908428;HFE (HEMOCROMATOSIS)
908429;CARIOTIPO PARA ANEMIA DE FANCONI
908430;ABL MUTACION DE LA REGION TIROSINA KINASA
908431;CARIOTIPO EN RESTOS OVULARES O MATERIAL DE ABORTO
908432;BRCA1 Y BRCA2 PERFIL COLOMBIA
908433;BRCA1 Y BRCA2 SECUENCIACION COMPLETA
908434;BRCA1 Y BRCA2 MUTACION FAMILIAR CONOCIDA
908435;PCA3 PARA CANCER DE PROSTATA
908436;DETECCION Virus del Papiloma Humano PRUEBAS DE ADN
908437;PRF1 SECUENCIACION DE EXONES 2 Y 3
908438;EXTRACCION DE ACIDOS NUCLEICOS
908439;CARIOTIPO CON FRAGILIDAD CROMOSOMICA
908601;ENZIMAS RELACIONADAS CON ENFERMEDADES DE LA SUSTANCIA BLANCA, MEDICION DE CADA UNA
908602;ENZIMAS RELACIONADAS CON ENFERMEDADES DE LA SUSTANCIA GRIS, MEDICION DE CADA UNA
908603;ENZIMAS GLICOLITICAS, MEDICION DE CADA UNA
908604;ENZIMAS LISOSOMALES, MEDICION DE CADA UNA
908605;ENZIMAS DEL METABOLISMO DEL GLICOGENO, MEDICION DE CADA UNA
908606;HIPOXANTINA GUANINA FOSFORIBOSIL TRANSFERASA ACTIVIDAD
908608;GLUCOGENO ESTRUCTURA Y CUANTIFICACION
908609;ACILCARNITINAS CUANTITATIVAS
908610;CARNITINA TOTAL Y LIBRE CUANTITATIVA
908801;Virus de Inmunodeficiencia Humana DETECCION DEL PROVIRUS REACCION EN CADENA DE LA POLIMERASA
908802;Virus de Inmunodeficiencia Humana GENOTIPO
908803;Hepatitis B GENOTIPO
908804;Citomegalovirus GENOTIPO
908805;Citomegalovirus CARGA VIRAL
908806;Hepatitis B CARGA VIRAL
908807;Hepatitis C CARGA VIRAL
908808;Herpes simplex CARGA VIRAL
908809;BK POLIOMAVIRUS CARGA VIRAL
908810;JC POLIOMAVIRUS CARGA VIRAL
908811;Epstein-Barr CARGA VIRAL
908812;Adenovirus CARGA VIRAL
908813;Parvovirus CARGA VIRAL
908814;Citomegalovirus IDENTIFICACION REACCION EN CADENA DE LA POLIMERASA
908815;Coxsackie A IDENTIFICACION REACCION EN CADENA DE LA POLIMERASA
908816;Coxsackie B IDENTIFICACION REACCION EN CADENA DE LA POLIMERASA
908817;Virus de Inmunodeficiencia Humana 1 IDENTIFICACION REACCION EN CADENA DE LA POLIMERASA
908818;Hepatitis B IDENTIFICACION REACCION EN CADENA DE LA POLIMERASA
908819;Toxocara spp IDENTIFICACION REACCION EN CADENA DE LA POLIMERASA
908820;Toxoplasma gondii IDENTIFICACION REACCION EN CADENA DE LA POLIMERASA
908821;Varicela zoster IDENTIFICACION REACCION EN CADENA DE LA POLIMERASA
908822;Epstein Barr IDENTIFICACION REACCION EN CADENA DE LA POLIMERASA
908823;Hepatitis C IDENTIFICACION REACCION EN CADENA DE LA POLIMERASA
908824;Herpes simplex I y II IDENTIFICACION REACCION EN CADENA DE LA POLIMERASA
908825;Mycobacterium tuberculosis IDENTIFICACION REACCION EN CADENA DE LA POLIMERASA
908826;Mycobacterium no tuberculoso IDENTIFICACION REACCION EN CADENA DE LA POLIMERASA
908827;Mycobacterium leprae IDENTIFICACION REACCION EN CADENA DE LA POLIMERASA
908828;Leishmania IDENTIFICACION REACCION EN CADENA DE LA POLIMERASA
908832;Virus de Inmunodeficiencia Humana CARGA VIRAL
908833;Hepatitis C GENOTIPO
908834;Clostridium difficile IDENTIFICACION REACCION EN CADENA DE LA POLIMERASA
908835;Streptococcus pneumoniae IDENTIFICACION REACCION EN CADENA DE LA POLIMERASA
908836;Bordetella pertussis IDENTIFICACION REACCION EN CADENA DE LA POLIMERASA
908837;Bordetella parapertussis IDENTIFICACION REACCION EN CADENA DE LA POLIMERASA
908839;Haemophilus influenzae IDENTIFICACION REACCION EN CADENA DE LA POLIMERASA
908840;Neisseria meningitidis IDENTIFICACION REACCION EN CADENA DE LA POLIMERASA
908841;Hepatitis E IDENTIFICACION REACCION EN CADENA DE LA POLIMERASA
908843;SarampiOn IDENTIFICACION REACCION EN CADENA DE LA POLIMERASA
908846;Mycobacterium tuberculosis PRUEBAS DE SENSIBILIDAD POR REACCION EN CADENA DE LA POLIMERASA
908855;IDENTIFICACION DE OTRA BACTERIA (ESPECIFICA) POR PRUEBAS MOLECULARES
908856;IDENTIFICACION DE OTRO VIRUS (ESPECIFICA) POR PRUEBAS MOLECULARES
908857;IDENTIFICACION DE OTRO PARASITO (ESPECIFICO) POR PRUEBAS MOLECULARES
908858;IDENTIFICACION DE OTRO HONGO (ESPECIFICO) POR PRUEBAS MOLECULARES
908859;IDENTIFICACION SIMULTANEA DE MULTIPLES PATOGENOS POR PRUEBAS MOLECULARES
908873;Mycobacterium tuberculosis IDENTIFICACION POR PRUEBAS MOLECULARES(ESPECIFICO)
911015;HEMOCLASIFICACION SISTEMA Rh [ANTIGENO Rh D] POR MICROTECNICA
911016;HEMOCLASIFICACION SISTEMA Rh [ANTIGENO Rh D] EN TUBO
911017;HEMOCLASIFICACION SISTEMA ABO DIRECTA [HEMOCLASIFICACION GLOBULAR] POR MICROTECNICA
911018;HEMOCLASIFICACION SISTEMA ABO DIRECTA [HEMOCLASIFICACION GLOBULAR] EN TUBO
911019;HEMOCLASIFICACION SISTEMA ABO INVERSA [HEMOCLASIFICACION SERICA] POR MICROTECNICA
911020;HEMOCLASIFICACION SISTEMA ABO INVERSA [HEMOCLASIFICACION SERICA] EN TUBO
A32013;DETECCION VIRUS (ESPECIFICO) REACCION EN CADENA DE LA POLIMERASA:SARS-CoV-2 COVID 19
A32026;SARS CoV2 [COVID-19] ANTICUERPOS Ig G
A32027;SARS CoV2 [COVID-19] ANTICUERPOS Ig M
A32028;SARS CoV 2 [COVID-19] ANTIGENO
PEPTICO;PEPTICO NATRIURETICO CEREBRAL (BNP)
L000052;MUTACION PROTOMBINA
L000510;BETA 2 GLICOPROTEINA IgG
L000511;BETA 2 GLICOPROTEINA IgM
L000515;CURVA DE AGREGACION PLAQUETARIA CON FACTOR RSTOCETINA
999999-1;ANTIGENO URINARIO PARA HISTOPLASMA
L0000542;PANEL VIRAL RESPIRATORIO (INFLUENZA A, INFLUENZA B, PARAINFLUENZA 1, PARAINFLUENZA 2, PARAINFLUENZA 3 Y ADENOVIRUS)
